# Blender 4.5.0
# www.blender.org
mtllib tree.mtl
o tree2
v -1.308405 0.229940 0.587627
v -1.276992 0.290835 0.624712
v -1.281109 0.232465 0.546789
v -1.304074 0.210765 0.839068
v -1.266372 0.271895 0.828102
v -1.289056 0.342283 0.803274
v -1.254446 0.406362 0.819593
v -1.238499 0.370496 0.780669
v -1.196615 0.218496 0.606156
v -1.214707 0.220271 0.538745
v -1.236185 0.412739 0.557111
v -1.153536 0.594566 0.595220
v -1.144563 0.455256 0.313517
v -1.150547 0.153061 0.244023
v -1.185430 0.504137 0.286118
v -1.138290 0.573254 0.235496
v -1.134887 0.129942 0.222805
v -1.154760 0.326661 0.215797
v -1.101880 0.597950 0.472565
v -1.087673 0.461235 0.287434
v -1.170627 0.297179 0.630023
v -1.059078 0.612953 0.633385
v -1.060407 0.385219 0.509908
v -0.956643 0.556907 0.561722
v -0.880442 0.607581 0.497201
v -2.863778 4.332536 0.205555
v -2.848670 4.278580 0.151368
v -2.573972 3.176887 0.844863
v -2.566723 3.172797 0.798355
v -2.551056 3.086143 0.745120
v -2.405613 2.963473 0.580796
v -2.469182 3.071381 0.746051
v -2.520912 3.035884 0.766710
v -2.495712 3.052525 0.780160
v -2.420172 2.881951 0.586657
v -2.447886 2.943622 0.595340
v -2.357099 2.872828 0.623630
v -2.262268 2.767777 0.261189
v -2.255841 2.740870 0.429111
v -2.342469 2.860510 0.421552
v -2.304054 2.913970 0.545069
v -2.173774 2.866997 0.299256
v -2.156158 2.843908 0.168764
v -2.132933 2.820260 0.063662
v -2.167471 2.793211 0.432697
v -2.145843 2.683665 0.309110
v -2.090302 2.824129 0.334061
v -2.071209 2.737904 -0.052896
v -2.106815 2.894935 0.004716
v -2.055417 3.006402 0.078144
v -2.082094 3.042810 0.042453
v -2.162829 2.734896 0.414407
v -2.056679 2.914532 0.189837
v -1.929917 2.635778 0.101938
v -1.872337 3.145761 0.059005
v -1.824816 2.669923 0.164327
v -1.852128 2.962088 0.152040
v -1.949384 2.847210 0.233539
v -1.910950 3.238268 0.074219
v -1.880203 2.743486 0.227101
v -2.639827 4.049303 0.044923
v -2.674840 4.001650 -0.020256
v -2.633894 3.899843 -0.064119
v -2.563378 4.072715 -0.028021
v -2.314525 3.636305 -0.116051
v -2.323436 3.802915 -0.106597
v -2.186773 3.450023 -0.023854
v -2.091751 3.517011 0.129049
v -2.129840 3.459392 0.129870
v -2.120027 3.271565 0.047627
v -2.017718 3.557362 0.006960
v -2.019857 3.551389 0.267882
v -1.972413 3.229406 0.082435
v -1.976998 3.615542 0.437146
v -1.947774 3.502168 -0.041039
v -1.998157 3.434764 0.367996
v -1.965282 3.570696 0.220063
v -1.889533 3.553828 0.223171
v -1.870374 3.316282 0.045023
v -2.760078 4.207473 0.123588
v -2.711838 4.099719 -0.012964
v -2.787662 4.279669 0.114060
v -2.701416 4.220635 0.022169
v -1.159861 0.707360 0.742617
v -1.129076 0.700967 0.329164
v -1.104941 0.682649 0.635729
v -1.097181 0.619095 0.639282
v -1.065962 0.814419 0.484333
v -1.109995 0.603744 0.395738
v -1.043678 0.821915 0.325207
v -1.071933 0.502745 0.255525
v -0.953634 0.677187 0.290114
v -1.107583 0.596022 0.690127
v -0.971134 0.970648 0.575922
v -0.944274 1.056804 0.507921
v -1.066767 0.561013 0.382317
v -0.971352 0.596792 0.328569
v -0.928291 0.799114 0.696468
v -1.138834 0.666875 0.786856
v -0.917555 0.902127 0.712049
v -0.914440 1.001849 0.672537
v -0.997141 0.551567 0.447981
v -0.921198 0.995836 0.398667
v -0.847174 0.650744 0.331124
v -0.833455 0.963485 0.354534
v -1.229586 2.147369 0.421024
v -1.288237 2.342883 0.459465
v -1.111510 2.119673 0.482370
v -1.105789 1.996366 0.138451
v -1.230437 2.364603 0.555029
v -1.076407 2.296064 0.550251
v -1.233643 2.421021 0.519805
v -0.838727 1.553617 0.360662
v -0.910350 1.745602 0.162539
v -1.714586 2.804049 0.234389
v -1.778010 2.576902 0.038783
v -1.674870 2.621752 0.213851
v -1.527088 2.736918 0.295389
v -1.552342 2.956071 0.237731
v -1.581090 2.445675 0.229054
v -1.301441 2.182456 0.172678
v -1.634261 3.087018 0.053653
v -1.411414 2.622299 0.384804
v -1.366340 2.870977 0.391315
v -1.404502 2.887469 0.312541
v -1.290243 2.916343 0.236766
v -1.326250 2.960020 0.491379
v -1.351228 2.756400 0.574046
v -1.358786 3.046119 0.766191
v -1.292168 3.308656 0.636818
v -1.320494 3.097398 0.588328
v -1.278648 2.316142 0.513603
v -1.226297 2.934936 0.384293
v -1.320079 3.029841 0.842608
v -1.274242 2.639924 0.646593
v -1.199671 3.089798 0.521184
v -1.137822 2.933543 0.404509
v -1.268677 3.239165 0.886702
v -1.151744 2.546148 0.690165
v -1.145053 3.105233 0.548003
v -1.178529 2.938334 0.906048
v -1.084060 2.952397 0.912114
v -1.118887 3.285706 0.889829
v -0.976433 2.839755 0.560593
v -1.130239 2.873880 0.190861
v -1.043045 3.041947 0.692847
v -1.074928 3.127862 0.611884
v -1.806947 3.701723 0.645977
v -1.836592 3.431058 0.288726
v -1.916932 3.385570 0.349401
v -1.813406 3.772094 0.706653
v -1.844018 3.774168 0.519375
v -1.739045 3.890414 0.818401
v -1.719413 3.832973 0.717961
v -1.764124 3.709290 0.609618
v -1.693754 3.869101 0.904201
v -1.666821 3.901940 0.912733
v -1.185681 3.282704 0.545377
v -1.188196 3.531690 0.749454
v -1.303820 3.380864 0.753176
v -1.128939 3.617609 0.461863
v -1.098402 3.739059 0.487227
v -1.038744 3.344483 0.545499
v -1.079987 3.553627 0.754287
v -0.999280 3.536641 0.407826
v -1.006576 3.845178 0.416715
v -1.002458 3.709717 0.339426
v -0.895816 3.878906 0.240916
v -1.120936 5.253538 0.683120
v -1.043795 0.204558 -0.306737
v -0.954833 0.408781 -0.126787
v -1.028649 0.243140 -0.213877
v -1.024530 0.283034 -0.191954
v -0.957166 0.324061 -0.237327
v -0.834087 0.481329 0.217171
v -0.891464 0.344882 -0.114984
v -2.595699 4.801338 -1.453061
v -2.171499 3.157542 -0.004816
v -2.279525 3.163083 -0.360808
v -2.150883 3.181692 -0.423466
v -2.106298 2.892972 -0.088288
v -2.009585 2.777972 -0.181420
v -2.061715 2.846766 -0.283219
v -1.913763 2.966299 -0.389910
v -1.725800 2.567112 -0.127994
v -2.509520 4.007490 -0.175317
v -2.354984 3.978449 -0.305725
v -2.423440 3.531739 -0.271861
v -2.458752 3.765576 -0.354246
v -2.461620 3.743148 -0.076657
v -2.374450 3.982901 -0.245048
v -2.299850 4.021711 -0.398271
v -2.387789 3.961207 -0.159637
v -2.296063 3.150946 -0.177899
v -2.406781 3.532536 -0.195981
v -2.277732 3.939194 -0.182069
v -2.271158 4.012945 -0.235623
v -2.325331 3.375326 -0.422461
v -2.266433 3.610768 -0.483230
v -2.253633 3.938850 -0.501320
v -2.280348 4.117530 -0.461660
v -2.301449 4.180557 -0.716797
v -2.255133 4.141438 -0.721019
v -2.335490 3.529023 -0.133822
v -2.163563 3.581380 -0.075219
v -2.134270 3.632962 -0.117744
v -2.201129 3.899703 -0.519292
v -2.156021 4.188811 -0.264326
v -2.096190 3.503718 -0.428674
v -2.149189 4.125691 -0.658499
v -2.138185 3.879605 -0.185380
v -2.044616 3.853855 -0.413732
v -2.068611 3.633748 -0.151072
v -2.068247 3.736713 -0.242600
v -2.079605 4.089537 -0.213336
v -1.997739 4.206113 -0.273334
v -2.024870 3.604491 -0.303280
v -2.016478 4.021877 -0.483253
v -1.958326 3.528710 -0.185409
v -1.936106 3.285896 -0.333843
v -1.863632 3.301497 -0.220877
v -2.323596 4.582415 -0.878937
v -2.298626 4.656747 -0.864870
v -2.274856 4.498277 -0.932474
v -2.300293 4.259850 -0.554054
v -2.213216 4.321666 -0.534642
v -2.198752 4.599449 -0.770934
v -2.240311 4.757883 -0.955271
v -2.208896 4.551958 -0.939247
v -2.134938 4.631159 -0.857069
v -2.089803 4.281905 -0.555062
v -2.120619 4.407300 -0.674180
v -2.160799 4.285921 -0.426965
v -1.801380 4.447019 -0.316222
v -1.971216 4.287848 -0.488626
v -2.002879 4.153985 -0.481968
v -2.031811 4.249388 -0.522857
v -1.713355 4.343543 -0.437302
v -1.801228 4.409606 -0.280503
v -1.768846 4.378911 -0.451032
v -1.697557 4.365818 -0.334412
v -1.769622 4.454878 -0.390694
v -2.492135 4.774461 -1.308025
v -2.477103 4.782640 -1.215818
v -2.371992 4.816824 -1.089304
v -2.346792 4.630554 -1.044367
v -2.478277 4.805665 -1.339931
v -2.249061 4.774783 -1.076226
v -2.387339 4.847493 -1.218519
v -1.280393 2.398984 -0.150187
v -1.246911 2.200291 0.030807
v -1.088600 2.248179 -0.075529
v -0.964807 2.288908 -0.120138
v -1.050187 2.126488 -0.004875
v -0.985171 2.162649 -0.059819
v -0.881176 2.338539 -0.114718
v -1.830477 3.231343 -0.014369
v -1.676611 3.140026 -0.131414
v -1.833645 2.666376 -0.261569
v -1.711812 2.952869 -0.333591
v -1.407424 2.630138 -0.241958
v -1.508047 3.011528 -0.152178
v -1.541057 2.517247 -0.187434
v -1.319933 2.830137 -0.163834
v -1.306625 2.760304 -0.188235
v -1.423059 3.028403 0.035230
v -1.279403 2.529041 -0.227978
v -1.244772 2.915454 0.131100
v -1.180848 2.846550 0.054716
v -1.233468 2.710622 -0.192779
v -1.189343 2.543842 -0.310314
v -1.187098 2.686905 -0.223378
v -1.236130 2.597146 -0.247957
v -1.165499 2.710877 -0.307766
v -1.097828 2.921410 -0.440116
v -1.125637 2.856306 -0.508370
v -1.046454 2.684208 -0.040760
v -1.031552 2.689555 -0.232257
v -1.088955 2.432690 -0.321748
v -1.070374 2.783369 -0.343764
v -1.111028 2.749601 -0.514714
v -0.977366 2.455544 -0.346283
v -0.982893 3.001906 -0.422568
v -1.134681 2.789581 -0.026441
v -0.988106 2.638580 -0.090859
v -0.934071 2.501327 -0.319009
v -1.029222 2.793872 -0.387934
v -1.043780 2.751033 -0.489186
v -1.009022 2.850549 -0.479090
v -0.991650 2.904333 -0.421728
v -0.936468 3.096650 -0.466027
v -0.956513 2.987252 -0.519204
v -1.003114 2.691102 -0.393605
v -0.809808 3.070578 -0.443817
v -0.855784 3.113608 -0.529137
v -0.928872 3.132128 -0.494074
v -1.011304 3.335972 -0.627505
v -0.813724 3.162980 -0.432335
v -0.789250 2.402959 -0.036364
v -0.853721 2.443565 -0.105101
v -0.795561 3.080799 -0.492192
v -0.793058 3.176794 -0.495694
v -1.234622 3.453894 -0.731439
v -1.170315 3.468062 -0.698759
v -1.047296 3.423849 -0.662627
v -1.163790 3.671290 -0.225317
v -1.133855 3.620863 -0.349697
v -1.128825 3.638186 -0.337980
v -1.125037 3.606682 -0.336079
v -1.070190 3.466562 -0.444437
v -1.060404 3.457813 -0.414334
v -1.038559 3.438963 -0.467446
v -1.001529 3.373200 -0.531131
v -1.047937 3.385825 -0.550659
v -1.096345 3.391407 -0.638961
v -1.043256 3.416360 -0.603981
v -0.988173 3.270515 -0.549279
v -0.936723 3.303383 -0.545467
v -0.948545 3.335304 -0.593951
v -1.679383 4.602401 -0.356270
v -1.625169 4.471966 -0.435440
v -1.649315 4.534732 -0.456043
v -1.604668 4.505804 -0.381068
v -1.605069 4.785375 -0.449505
v -1.562959 4.870829 -0.474486
v -0.774953 0.027785 1.251509
v -0.731070 0.252831 1.116506
v -0.720226 0.005403 1.300762
v -0.676854 -0.000556 1.234368
v -0.741933 0.060204 1.295550
v -0.722171 0.034027 1.167702
v -0.649462 0.073978 1.278033
v -0.566327 0.213837 1.193658
v -0.844846 0.614874 0.419169
v -0.758206 0.470775 0.303338
v -0.743945 0.424228 0.570136
v -0.813037 0.621033 0.490864
v -0.658671 0.623235 0.618857
v -0.706940 0.299186 0.425376
v -0.599523 0.254362 0.593544
v -0.648288 0.281289 0.226300
v -0.639549 0.506135 0.966187
v -0.662113 0.369824 0.879137
v -0.607484 0.253174 0.905228
v -0.653280 0.467280 0.712778
v -0.534291 0.598649 0.996238
v -0.598386 0.335647 0.742185
v -0.496805 0.281050 0.766903
v -0.417173 0.212896 0.265266
v -0.647918 0.279797 1.206707
v -0.442846 0.272556 0.924248
v -0.394102 0.337267 0.998234
v -0.378565 0.296338 0.802749
v -0.278835 0.262358 0.597229
v -0.292301 0.623310 0.924664
v -0.158760 0.590030 0.787110
v -0.190698 0.454595 0.775450
v -0.148860 0.396416 0.706982
v -0.063431 0.302581 0.489250
v -0.093392 0.361704 0.763322
v -0.125474 0.428629 0.816834
v -0.066481 0.390306 0.660928
v -0.066845 0.100777 0.925308
v -0.066182 0.276849 0.921277
v -0.030841 0.296461 0.779665
v 0.038139 0.405380 0.688983
v 0.065455 0.290083 0.379159
v -0.031079 0.101937 0.948563
v -0.004748 0.070981 0.925948
v -0.011573 0.070591 0.896487
v 0.022359 0.315620 0.819979
v 0.001965 0.435980 0.844753
v 0.098554 0.465935 0.671108
v 0.149475 0.424485 0.595947
v 0.137609 0.571605 0.650033
v 0.258142 0.624826 0.557767
v 0.340169 0.318663 0.501027
v 0.542914 0.249973 0.493739
v 0.294852 0.456427 0.567603
v 0.650985 0.298036 0.539756
v -0.803462 0.732039 0.542086
v -0.744901 0.885846 0.341500
v -0.795516 0.731420 0.287771
v -0.825150 0.566820 0.309490
v -0.773481 0.860992 0.690005
v -0.757063 0.986782 0.739203
v -0.659941 1.184070 0.718315
v -0.712509 0.749104 0.570816
v -0.746032 1.358855 0.385306
v -0.643254 1.239958 0.295897
v -0.669375 0.841887 0.252572
v -0.613927 0.920197 0.707441
v -0.719912 1.385091 0.538011
v -0.542730 1.353699 0.139244
v -0.570116 0.721435 0.747102
v -0.639520 0.590438 0.761728
v -0.577087 0.790852 0.641111
v -0.357400 1.338671 0.606603
v -0.468465 0.771671 0.814455
v -0.471456 1.102633 0.718912
v -0.487539 0.879250 0.682211
v -0.425341 0.543303 1.042047
v -0.333156 0.764596 0.863133
v -0.319844 0.960647 0.688544
v -0.218586 0.789203 0.807155
v -0.183977 0.704875 0.833450
v -0.140793 0.805663 0.741089
v -0.079297 1.303401 0.611288
v -0.070185 0.692827 0.743133
v -0.039933 0.916445 0.689768
v 0.146927 0.766458 0.555075
v 0.051601 1.072618 0.594788
v 0.050757 1.289406 0.552662
v -0.074187 1.578267 0.631854
v -0.780488 2.148716 0.569995
v -0.886965 2.025190 0.529988
v -0.760618 1.359485 0.457668
v -0.856837 1.633869 0.486283
v -0.970391 2.446291 0.663858
v -1.080886 1.973921 0.466173
v -0.749660 1.808941 0.526192
v -0.855933 2.005826 0.595313
v -0.713834 2.256471 0.617150
v -0.760459 2.062868 0.611048
v -0.589042 2.103095 0.564240
v -0.605394 2.262482 0.495630
v -0.577561 1.860795 0.562511
v -0.568263 2.363961 0.207494
v -0.319806 1.877816 0.528382
v -0.381244 1.711843 0.565726
v -0.287117 1.950340 0.414204
v -0.147980 1.889331 0.456865
v 0.021158 1.914937 0.514355
v 0.105867 1.740493 0.695065
v -0.170743 1.817762 0.562146
v 0.066446 1.920933 0.610615
v -1.052320 3.078991 0.804143
v -0.982175 2.638845 0.739693
v -0.830844 2.420641 0.625214
v -0.953592 2.705714 0.695385
v -0.765942 2.471736 0.515144
v -0.803856 2.604737 0.316404
v -1.005019 3.393804 0.717944
v -0.900398 3.556753 0.567168
v -0.951032 3.774991 0.515752
v -0.905780 3.625353 0.387617
v -0.967308 3.902346 0.429041
v -0.961293 4.258674 0.347401
v -0.939053 4.193548 0.258864
v -0.865088 3.689425 0.483886
v -0.890044 3.896966 0.455475
v -0.820717 3.731068 0.324768
v -0.772992 3.878225 0.341303
v -0.856340 3.763388 0.257346
v -0.733916 4.089918 0.311381
v -0.746512 4.202349 0.345112
v -0.490315 4.137571 0.371511
v -0.376606 4.108371 0.372143
v -0.393460 4.181756 0.390439
v -0.235934 4.030968 0.453481
v -0.206673 4.087149 0.431300
v -0.218344 4.088609 0.469074
v -0.004067 4.024017 0.517533
v -0.982978 5.065780 0.505417
v -1.001622 5.105721 0.489526
v -0.924778 4.419199 0.270552
v -0.910839 4.556571 0.261680
v -0.919470 5.040348 0.437378
v -0.884845 4.436775 0.338656
v -0.834855 4.725532 0.344674
v -0.912969 4.668825 0.316385
v -0.847655 4.597910 0.237486
v -0.827546 4.430888 0.355677
v -0.914903 4.679289 0.441723
v -0.780746 4.439095 0.329459
v -0.764553 4.529742 0.328750
v -0.688063 4.258144 0.292609
v -0.672149 4.499565 0.387467
v -0.703698 4.441412 0.322748
v -0.659154 4.516840 0.244212
v -0.505856 4.474520 0.641997
v -0.643757 4.463947 0.268628
v -0.549874 4.440795 0.494433
v -0.565729 4.489298 0.477167
v -0.483371 4.522212 0.652110
v -0.514414 4.506117 0.648023
v -0.396251 4.641172 0.846204
v -0.362113 4.680223 0.882154
v -0.375092 4.638340 0.858035
v -0.988403 5.146060 0.514505
v 0.565563 2.934021 1.428794
v 0.564764 3.394361 1.788631
v 0.566878 3.218002 1.729742
v 0.578632 3.213071 1.656296
v 0.610130 3.203563 1.633417
v 0.643870 3.000731 1.421043
v 0.611153 3.197833 1.733242
v 0.617710 3.257866 1.709236
v 0.640117 3.173045 1.661700
v 0.673442 3.236547 1.700794
v 0.662271 3.250775 1.672913
v 0.111223 1.081760 0.538255
v 0.197072 1.101094 0.423261
v 0.174920 1.243057 0.403422
v 0.229667 0.826397 0.405578
v 0.043445 1.828377 0.680182
v 0.075654 1.472164 0.583166
v 0.160966 1.613325 0.649548
v 0.191750 2.023848 0.571025
v 0.199727 1.488326 0.462277
v 0.162281 1.928798 0.389647
v 0.241578 2.064368 0.817908
v 0.108310 2.143208 1.325440
v 0.151881 2.112792 1.275464
v 0.195736 2.121512 1.275970
v 0.222442 2.078045 1.212901
v 0.223385 2.137058 1.132405
v 0.243817 2.188799 1.108706
v 0.164280 2.389354 1.116293
v 0.172773 2.330814 1.131512
v 0.201889 2.209322 1.081856
v 0.182393 2.318673 1.104178
v 0.213266 2.069383 1.077876
v 0.245755 2.135097 1.013023
v 0.246877 2.027688 0.879070
v 0.438039 1.997172 0.910552
v 0.417598 1.786014 0.683719
v 0.394989 1.750130 0.535946
v 0.245121 2.101778 1.283550
v 0.204482 2.123136 1.219130
v 0.264716 2.141474 1.150717
v 0.292466 1.986238 0.898789
v 0.303106 2.174692 0.716208
v 0.383086 2.233721 0.878049
v 0.520371 2.073158 0.964470
v 0.431228 1.911739 0.494690
v 0.252919 2.184376 1.340116
v 0.293380 2.100678 1.146029
v 0.344417 2.110415 1.032763
v 0.294961 2.147000 1.025677
v 0.355508 2.030198 0.977232
v 0.417955 1.804715 0.606195
v 0.585906 2.423215 0.805698
v 0.433117 1.815358 0.516939
v 0.419857 1.849650 0.539230
v 0.389659 2.140549 0.990731
v 0.507684 2.153509 0.657197
v 0.455615 2.209172 1.002592
v 0.461234 2.341489 0.841470
v 0.532416 2.321237 1.081553
v 0.588500 2.502189 1.121925
v 0.641664 2.455639 0.822703
v 0.625469 2.186048 0.976916
v 0.691695 2.341213 0.849572
v 0.760731 2.518826 1.021837
v 0.200585 3.266815 1.152141
v 0.276467 3.224592 1.215793
v 0.347004 3.145411 1.199989
v 0.183799 3.250688 1.179007
v 0.476416 3.033456 1.312649
v 0.520489 3.042980 1.304730
v 0.633420 2.455301 1.112080
v 0.611918 2.577771 0.866536
v 0.562326 2.844067 1.298023
v 0.488849 2.970319 1.291904
v 0.531256 2.951296 1.253942
v 0.597555 2.858109 1.233207
v 0.545795 2.560781 1.062057
v 0.581361 2.654807 1.014932
v 0.786157 2.637616 0.726295
v 0.586447 3.004700 1.397130
v 0.605205 2.797425 1.364780
v 0.651456 2.835167 1.221712
v 0.667861 2.683229 1.009917
v 0.753184 2.460064 0.840550
v 0.804619 2.710536 0.783539
v 0.701973 2.742130 1.285371
v 0.672475 2.714311 1.303066
v 0.701279 2.627393 1.262409
v 0.702806 2.765254 1.227573
v 0.718755 2.596335 1.175721
v 0.726032 2.646615 1.107563
v 0.768522 2.645794 0.995919
v 0.819879 2.593793 0.718394
v 0.843853 2.700436 1.384691
v 0.765584 2.713956 1.321627
v 0.768635 2.715803 1.284356
v 0.886671 2.737533 0.786335
v 0.926317 2.646090 0.677214
v 0.868120 2.797448 0.710371
v 0.869321 2.800877 0.613751
v 0.206061 4.091247 0.548700
v 0.768100 3.379269 1.698230
v 0.830316 3.421710 1.694505
v 0.764817 2.752762 1.634974
v 0.792649 2.738482 1.574994
v 0.833631 2.779020 1.459983
v 0.948658 2.696340 0.755015
v 0.901646 3.057271 0.466317
v 0.838902 2.754202 1.448453
v 0.854954 2.738473 1.379579
v 1.017962 2.805937 0.591791
v 1.001389 2.815645 0.683562
v 0.860077 2.763464 1.469408
v 1.025237 2.799163 0.642826
v -0.746636 0.453683 0.207127
v -0.690576 0.476296 0.138459
v -0.657460 0.428997 0.197246
v -0.557380 0.284759 0.103614
v -0.537763 0.557293 0.141152
v -0.539613 0.349690 0.038474
v -0.467245 0.509235 -0.018082
v -0.246011 0.248747 -0.008240
v -0.266917 0.569588 -0.094475
v -0.290710 0.336056 -0.061620
v -0.109661 0.351933 -0.077080
v -0.061170 0.409179 -0.124327
v -0.053098 0.308001 -0.047249
v -0.053218 0.322160 -0.112749
v 0.036355 0.051009 -0.213157
v -0.005929 0.226708 -0.140451
v 0.005241 0.193605 -0.238419
v -0.116225 0.235030 0.061073
v 0.016201 0.304303 0.007231
v 0.003553 0.292696 -0.065945
v 0.056798 0.235256 -0.158630
v 0.013023 0.060535 -0.235604
v 0.109168 0.329593 0.169950
v 0.078105 0.362324 -0.072399
v 0.127095 0.473031 0.007020
v 0.227928 0.367487 0.213224
v 0.258801 0.447690 0.187484
v 0.333206 0.305095 0.342790
v 0.481144 0.350958 0.296798
v 0.451243 0.274975 0.458281
v 0.538646 0.238822 0.412446
v 0.609524 0.224503 0.362896
v 0.770848 0.059245 0.499137
v 0.694803 0.397357 0.484498
v 0.780022 0.013205 0.445165
v 0.757115 0.261177 0.354220
v 0.834258 0.114792 0.438308
v -0.814395 0.584487 0.030251
v -0.668499 0.613410 0.082795
v -0.681538 0.513322 0.102140
v -0.671492 0.701728 0.117354
v -0.464822 0.836540 0.204724
v -0.421993 1.200669 0.076788
v -0.436722 1.143818 0.169941
v -0.464992 0.981411 0.249584
v -0.330442 0.975582 0.040382
v -0.343149 1.235880 -0.015547
v -0.347307 0.749539 0.006420
v -0.229106 0.992565 -0.038205
v -0.122090 0.548500 -0.092786
v -0.154585 0.950345 -0.082734
v -0.074456 1.361235 -0.134268
v -0.017336 0.646828 -0.098111
v 0.032341 0.580114 -0.085225
v 0.032711 0.763753 -0.115255
v 0.060664 0.946659 -0.135874
v -0.010428 0.951844 -0.096299
v 0.051969 0.998500 -0.088460
v 0.092395 0.723382 -0.113182
v 0.103893 0.744192 -0.077276
v 0.126882 1.334921 -0.032824
v 0.115980 0.616242 -0.030520
v 0.117200 0.845741 -0.094002
v 0.138305 0.968564 -0.050108
v -0.722072 1.840145 -0.054641
v -0.838637 2.273414 -0.093479
v -0.591684 2.213182 -0.043418
v -0.598547 1.554443 0.041881
v -0.666103 1.819044 -0.141062
v -0.657238 1.919936 -0.111230
v -0.418934 2.150381 -0.010484
v -0.582831 1.732880 -0.143709
v -0.496972 1.722816 -0.173740
v -0.494396 1.840064 -0.149645
v -0.409182 1.909832 -0.137019
v -0.492999 1.805259 -0.209583
v -0.410896 1.879690 -0.198296
v -0.357239 1.445956 -0.100173
v -0.220903 2.004875 0.268175
v -0.103124 1.845533 -0.011895
v -0.240822 1.693768 -0.171176
v -0.146018 1.795628 -0.078911
v 0.016596 1.814025 0.207774
v 0.137715 1.565743 0.134626
v -0.018957 1.913883 0.316153
v 0.080964 1.471128 0.017931
v -0.661569 3.142291 -0.378918
v -0.663305 3.086814 -0.442710
v -0.643929 3.167085 -0.439335
v -0.744554 2.451957 0.052418
v -0.716049 3.124691 -0.499024
v -0.561885 3.092457 -0.338906
v -0.447899 2.984841 -0.342922
v -0.443207 2.989563 -0.296960
v -0.484757 3.077285 -0.360684
v -0.436081 3.034230 -0.288343
v -0.484590 3.054739 -0.399450
v -0.385139 2.991760 -0.359361
v -0.245059 3.012483 -0.230328
v -0.304695 3.018620 -0.289014
v -0.252970 2.954067 -0.280359
v -0.265519 2.991217 -0.313779
v -0.225569 2.998963 -0.343709
v -0.207089 3.001019 -0.421227
v -0.162908 2.959976 -0.254735
v -0.178050 3.005496 -0.282537
v -0.063270 2.995468 -0.236578
v -0.167311 2.976159 -0.212294
v -0.039226 3.061422 -0.182198
v 0.133915 3.101610 -0.196600
v 0.071293 3.095133 -0.179934
v 0.082176 3.041642 -0.184110
v 0.165075 3.111043 -0.148582
v -0.786161 4.113257 0.245243
v -0.696291 4.252425 0.260801
v -0.402664 4.185049 0.344637
v -0.810678 4.382061 0.179527
v -0.757175 4.585328 0.172225
v -0.805044 4.569239 0.133600
v -0.786799 4.606494 0.282184
v -0.714709 4.482189 0.079626
v -0.613896 4.654633 -0.032755
v -0.682811 4.403255 0.225015
v -0.612036 4.515113 0.113681
v -0.681670 4.585614 0.180225
v -0.494616 4.680971 -0.075551
v -0.657055 4.653719 0.037317
v -0.465429 4.741506 -0.116400
v -0.505157 4.684794 -0.003919
v -0.491093 4.760427 -0.060510
v -0.352015 4.890418 -0.118468
v 0.209316 0.931601 0.014011
v 0.207350 0.894131 -0.049648
v 0.192509 1.378520 0.403434
v 0.164526 1.111407 0.361501
v 0.128364 1.111014 0.287570
v 0.161311 1.210192 0.163341
v 0.150075 1.275138 0.248070
v 0.178974 1.318509 0.184893
v 0.180700 1.310753 0.094049
v 0.254236 0.614736 0.198507
v 0.200658 1.110077 0.141208
v 0.229421 1.137099 0.096986
v 0.218933 0.861233 0.349139
v 0.259745 0.723418 0.255385
v 0.165453 0.855597 0.284106
v 0.174032 0.861168 0.230062
v 0.124273 0.992909 0.242005
v 0.118678 1.119138 0.223406
v 0.092907 1.097074 0.231302
v 0.236101 0.777504 0.209177
v 0.380204 0.604605 0.305032
v 0.354946 0.686164 0.385622
v 0.606146 0.473938 0.352145
v 0.203764 1.532925 0.336104
v 0.404523 2.063796 0.536692
v 0.183869 1.643647 0.274401
v 0.326668 1.773414 0.442031
v 0.226872 1.834663 0.385936
v 0.406969 1.956665 0.531414
v 0.259350 3.225054 -0.151511
v 0.261033 3.182271 -0.164628
v 0.847498 3.288613 0.287470
v 0.878513 3.283643 0.236626
v 0.885497 3.169924 0.273932
v 0.859568 3.186815 0.287504
v 0.891364 3.189109 0.350762
v 0.899722 3.292158 0.264149
v 0.977208 2.910457 0.633202
v 0.952749 2.892684 0.487513
v 0.954827 3.098032 0.455735
v 0.928714 3.133627 0.289919
v 0.964116 3.171546 0.362836
v 1.000276 2.923569 0.575065
v 0.996822 2.899006 0.534214
v 1.034124 2.897243 0.563415
v 1.202991 2.949473 0.559521
v 1.271683 2.977644 0.490835
v 1.263357 3.003201 0.510027
v 1.222772 2.978947 0.507256
v 1.338491 3.098104 0.423797
v 1.382568 3.105503 0.408182
v -1.001499 3.409190 -0.591198
vn -0.8555 -0.4890 0.1702
vn -0.6273 0.0601 0.7765
vn -0.5557 -0.4597 -0.6928
vn -0.3354 -0.9085 0.2493
vn 0.7595 -0.3792 0.5285
vn -0.9881 -0.0342 -0.1501
vn -0.0758 0.1509 0.9856
vn 0.6740 -0.4305 -0.6004
vn 0.3259 -0.8138 0.4811
vn 0.1490 -0.7691 -0.6215
vn -0.8994 0.3299 -0.2868
vn -0.8085 0.3054 0.5031
vn -0.2403 -0.3527 0.9044
vn -0.5269 -0.6353 0.5647
vn -0.9976 0.0236 0.0653
vn -0.3981 0.2356 -0.8866
vn 0.1320 -0.9559 -0.2624
vn -0.4267 -0.0251 -0.9040
vn -0.8226 -0.1643 -0.5443
vn 0.7533 -0.4540 0.4759
vn 0.3298 -0.2612 0.9072
vn 0.3892 -0.5518 0.7376
vn 0.6828 -0.6095 -0.4029
vn 0.6307 -0.4259 0.6487
vn 0.5484 -0.7918 0.2688
vn -0.4640 0.6154 0.6372
vn -0.9629 -0.2090 -0.1708
vn -0.3560 0.5753 0.7364
vn -0.3534 0.8774 -0.3245
vn -0.9221 -0.0834 -0.3779
vn -0.1211 0.8014 -0.5857
vn 0.8419 0.4736 0.2587
vn -0.5410 -0.6721 0.5056
vn 0.4052 -0.2955 0.8652
vn -0.7260 -0.6855 0.0547
vn -0.8214 0.0553 -0.5676
vn 0.2972 -0.5520 0.7791
vn -0.8336 -0.3396 -0.4356
vn -0.3604 -0.8977 0.2533
vn -0.7666 0.3277 -0.5522
vn 0.6922 0.6221 0.3659
vn 0.0123 0.9999 -0.0006
vn -0.7142 0.6707 -0.2002
vn -0.9195 0.1221 -0.3736
vn 0.7399 0.0068 0.6726
vn -0.1773 -0.9768 0.1202
vn 0.5052 0.5744 0.6441
vn -0.7541 -0.5326 -0.3842
vn -0.9590 0.2829 -0.0194
vn -0.5546 0.5020 0.6637
vn -0.6283 0.0031 0.7780
vn 0.4118 -0.5981 0.6875
vn -0.1914 0.8099 0.5545
vn -0.2447 -0.9646 0.0986
vn 0.0938 0.3605 0.9280
vn -0.2405 -0.7866 0.5687
vn -0.1309 0.4833 0.8656
vn 0.2360 0.4716 0.8497
vn 0.5926 -0.3332 0.7333
vn 0.2522 -0.1736 0.9520
vn 0.1425 -0.2770 0.9503
vn -0.8135 -0.4887 0.3153
vn -0.8467 -0.4967 0.1909
vn 0.7290 0.5649 0.3866
vn 0.0085 -0.0631 0.9980
vn 0.2958 0.1542 0.9427
vn -0.7637 0.1256 0.6333
vn -0.6194 0.7555 0.2136
vn -0.9132 0.1037 0.3941
vn -0.6406 -0.2536 0.7248
vn 0.3507 0.9283 0.1236
vn -0.0910 0.9474 -0.3067
vn -0.1804 -0.6972 0.6938
vn -0.8916 0.2830 0.3535
vn 0.8079 0.5861 -0.0612
vn -0.6133 -0.4642 0.6390
vn -0.1065 0.9569 -0.2703
vn 0.6743 0.5963 -0.4355
vn 0.9882 0.0609 0.1405
vn 0.2479 -0.3312 0.9104
vn -0.8569 -0.0482 -0.5132
vn 0.3419 0.8961 -0.2830
vn 0.2173 0.8934 -0.3933
vn -0.8590 0.4876 0.1561
vn -0.9197 0.3679 -0.1371
vn -0.9513 0.2612 -0.1635
vn -0.6615 -0.7106 0.2397
vn -0.9092 0.4150 0.0323
vn -0.8842 -0.2969 0.3607
vn -0.5678 0.5422 -0.6194
vn 0.6496 -0.2267 -0.7257
vn 0.2592 -0.1205 -0.9583
vn 0.4742 -0.7681 -0.4303
vn -0.8286 0.5174 0.2139
vn -0.8601 0.5100 -0.0131
vn -0.0117 -0.8881 0.4595
vn 0.5419 -0.7409 -0.3967
vn 0.4458 -0.4181 0.7915
vn -0.1290 0.2342 0.9636
vn -0.0080 0.1087 0.9940
vn -0.5834 0.5059 0.6354
vn 0.2107 -0.7862 -0.5810
vn -0.5527 0.4716 -0.6871
vn -0.3292 -0.5253 -0.7847
vn -0.2111 0.1660 -0.9633
vn -0.6946 -0.5109 0.5065
vn -0.7924 -0.1878 0.5804
vn -0.3599 -0.2684 0.8935
vn -0.6867 -0.6165 -0.3851
vn -0.2965 0.1856 0.9368
vn -0.2287 -0.3779 0.8971
vn -0.6680 -0.1425 0.7304
vn -0.8407 -0.5186 -0.1560
vn -0.6571 -0.5654 -0.4985
vn -0.1717 0.1014 0.9799
vn -0.5414 -0.8382 0.0658
vn -0.3713 -0.1652 0.9137
vn -0.4613 0.0877 0.8829
vn -0.0591 0.6440 0.7628
vn -0.6807 -0.5144 0.5215
vn -0.6603 -0.7449 -0.0958
vn 0.3020 0.8708 0.3878
vn -0.7326 -0.0785 0.6762
vn -0.7459 0.6277 0.2228
vn -0.2607 0.7683 0.5845
vn 0.1335 0.9792 0.1531
vn -0.8158 0.4503 -0.3630
vn -0.9495 -0.1054 0.2955
vn -0.9809 -0.0013 0.1943
vn -0.8645 0.1946 -0.4634
vn -0.8241 0.2678 -0.4992
vn -0.8462 -0.2939 0.4444
vn -0.1412 0.8938 -0.4256
vn -0.7368 -0.1498 0.6593
vn -0.7208 -0.3941 0.5702
vn -0.0983 0.4589 -0.8830
vn 0.4616 0.7626 -0.4532
vn -0.5223 0.2143 0.8254
vn -0.3859 -0.4974 0.7770
vn 0.5734 0.1904 -0.7968
vn -0.2822 -0.2710 0.9203
vn 0.4731 -0.0785 0.8775
vn 0.3648 0.2400 0.8996
vn 0.8711 0.4847 -0.0796
vn 0.5025 0.8296 -0.2434
vn 0.9296 0.3322 -0.1595
vn 0.8565 -0.2421 -0.4559
vn -0.0278 -0.7712 0.6359
vn 0.9418 -0.3346 0.0316
vn 0.1842 -0.8034 0.5663
vn -0.7671 -0.2518 0.5900
vn -0.1481 0.9088 -0.3900
vn -0.4699 0.8803 0.0657
vn 0.8020 0.4378 -0.4065
vn 0.6883 -0.6371 0.3470
vn -0.1212 -0.4009 0.9081
vn 0.5278 0.4804 0.7005
vn -0.3318 -0.0336 -0.9427
vn -0.4758 0.6444 0.5986
vn -0.8936 0.3907 0.2209
vn -0.7733 0.0872 -0.6281
vn -0.7774 0.6289 -0.0086
vn 0.6828 -0.4858 -0.5456
vn 0.2578 0.5457 0.7973
vn -0.0101 -0.4591 -0.8883
vn -0.9113 0.3674 0.1859
vn -0.5683 -0.1893 -0.8007
vn -0.2490 -0.0854 -0.9647
vn -0.4900 0.5476 0.6783
vn -0.3661 -0.5908 -0.7190
vn -0.7230 0.6534 -0.2245
vn -0.4848 -0.7109 0.5095
vn -0.9083 0.0456 0.4158
vn 0.3230 0.3187 -0.8911
vn -0.6505 -0.6190 0.4401
vn 0.5933 -0.8046 -0.0240
vn -0.5988 0.0074 -0.8009
vn -0.7072 -0.1879 0.6815
vn -0.7183 -0.4589 -0.5230
vn -0.1387 -0.2471 -0.9590
vn -0.9228 -0.3851 -0.0105
vn -0.7115 -0.6335 -0.3041
vn -0.5972 -0.6249 -0.5028
vn 0.0367 -0.1806 -0.9829
vn -0.4515 -0.8494 -0.2732
vn -0.0654 0.8152 -0.5754
vn -0.5692 0.7761 -0.2714
vn -0.9327 -0.3404 -0.1191
vn -0.7736 0.0130 -0.6336
vn -0.1115 -0.3745 0.9205
vn 0.0693 0.9855 0.1549
vn -0.8951 0.4183 -0.1544
vn 0.4638 0.7658 0.4455
vn -0.8884 -0.3916 0.2394
vn -0.7858 -0.4164 0.4573
vn 0.0528 0.4935 0.8681
vn -0.5829 0.6685 0.4619
vn -0.6470 -0.2541 -0.7189
vn -0.2183 -0.1057 -0.9701
vn -0.7671 -0.1557 -0.6223
vn -0.9755 0.0942 0.1987
vn -0.8517 -0.3469 -0.3928
vn -0.1010 -0.5984 -0.7948
vn -0.5119 -0.1513 0.8456
vn -0.4739 0.5474 0.6897
vn 0.1789 0.6330 0.7532
vn 0.0124 -0.3646 -0.9311
vn -0.4565 0.5406 0.7067
vn 0.5271 0.0166 -0.8497
vn 0.6148 -0.3382 -0.7125
vn 0.4090 0.1347 0.9025
vn 0.8959 -0.1802 -0.4061
vn 0.5005 0.7037 0.5042
vn 0.8880 0.2107 0.4087
vn 0.2720 0.1921 0.9429
vn 0.5210 -0.2384 0.8196
vn 0.9264 0.2035 -0.3167
vn 0.8902 -0.2335 -0.3912
vn 0.8735 0.4805 -0.0783
vn 0.6951 0.3031 -0.6519
vn 0.8004 0.5197 -0.2988
vn -0.9873 -0.0639 0.1456
vn -0.5794 0.5320 0.6174
vn -0.3240 -0.5522 -0.7682
vn -0.9034 0.2522 0.3468
vn -0.1738 0.7748 0.6079
vn 0.1436 0.6793 0.7197
vn 0.2808 0.8692 0.4071
vn 0.6364 -0.3862 -0.6677
vn 0.9379 0.3426 0.0545
vn 0.6701 0.6884 -0.2776
vn 0.9422 0.2824 0.1800
vn -0.3542 0.8929 0.2780
vn -0.5653 0.7587 0.3238
vn -0.0454 0.6941 -0.7184
vn 0.8383 -0.3105 -0.4481
vn 0.5347 0.0108 -0.8449
vn 0.5907 -0.5930 -0.5472
vn 0.0307 0.2254 0.9738
vn -0.0325 0.2276 -0.9732
vn 0.6709 -0.5024 0.5455
vn -0.6095 0.6365 -0.4725
vn -0.0725 -0.9633 -0.2585
vn -0.9237 0.0746 0.3758
vn -0.3365 0.8330 0.4391
vn -0.4609 -0.8282 -0.3188
vn 0.6716 -0.0940 -0.7350
vn 0.8095 0.4574 -0.3682
vn 0.2854 0.9194 -0.2708
vn -0.3055 -0.6187 -0.7238
vn -0.4725 -0.6960 -0.5406
vn -0.2427 -0.6374 -0.7313
vn 0.1344 -0.6083 -0.7822
vn -0.4191 -0.5246 -0.7411
vn -0.2757 -0.3719 -0.8864
vn 0.5813 -0.2467 -0.7754
vn 0.7252 0.5545 0.4082
vn 0.5904 0.7696 -0.2432
vn -0.3035 -0.6811 -0.6663
vn 0.4114 0.2557 -0.8749
vn 0.1203 -0.1495 -0.9814
vn 0.5196 0.6730 -0.5265
vn -0.2054 -0.6471 -0.7342
vn 0.5413 0.5310 -0.6520
vn 0.4010 0.3425 -0.8496
vn 0.4461 0.8941 0.0398
vn -0.4240 -0.2314 -0.8756
vn 0.4777 0.8768 -0.0540
vn 0.5700 0.7595 -0.3133
vn 0.1790 0.6671 -0.7231
vn -0.7064 -0.2252 -0.6710
vn -0.4279 0.7844 -0.4490
vn -0.7349 0.2785 -0.6183
vn -0.8559 0.5171 0.0072
vn -0.7506 0.6005 0.2758
vn -0.7258 0.2595 -0.6371
vn 0.5757 0.6922 -0.4353
vn 0.4083 0.8636 0.2958
vn -0.2601 -0.6484 -0.7154
vn 0.1210 0.6590 0.7423
vn -0.3519 -0.2528 -0.9013
vn 0.3891 -0.5535 -0.7364
vn -0.1960 0.3288 0.9238
vn 0.5875 0.7126 -0.3834
vn 0.6544 0.7519 0.0800
vn 0.8677 -0.1273 -0.4804
vn 0.8805 0.1576 0.4471
vn 0.5952 -0.2649 -0.7587
vn 0.9383 -0.3458 0.0070
vn 0.7552 -0.3141 0.5753
vn -0.7665 0.5337 0.3571
vn 0.0799 -0.0409 -0.9960
vn 0.9608 0.2630 -0.0878
vn 0.2628 -0.7294 0.6316
vn 0.1184 -0.1930 -0.9740
vn -0.9920 0.1239 0.0227
vn 0.0124 -0.5271 -0.8497
vn -0.1068 0.5345 0.8384
vn 0.5914 0.4136 -0.6922
vn 0.8671 0.2124 -0.4506
vn 0.3141 -0.7633 -0.5645
vn 0.4521 0.7525 -0.4790
vn -0.8803 0.1736 -0.4415
vn -0.1335 0.9911 -0.0008
vn 0.5263 0.5453 -0.6524
vn -0.2649 0.3751 0.8883
vn -0.7431 0.1519 -0.6517
vn 0.2919 0.8992 -0.3258
vn 0.0773 -0.6149 0.7848
vn -0.8563 0.0293 -0.5157
vn 0.1251 -0.4906 0.8623
vn 0.7498 0.6561 -0.0858
vn 0.1748 -0.3974 0.9008
vn -0.8889 -0.2045 0.4100
vn -0.7342 -0.3773 0.5644
vn -0.2289 0.9459 0.2297
vn -0.7799 -0.2893 0.5550
vn 0.3229 0.5830 0.7456
vn 0.8143 0.3655 -0.4510
vn -0.2359 0.4961 0.8356
vn 0.7468 -0.3890 -0.5395
vn -0.0671 -0.0072 -0.9977
vn 0.8893 -0.1567 0.4297
vn -0.7771 0.5312 0.3376
vn 0.2506 0.9515 -0.1782
vn -0.9019 -0.4241 0.0816
vn -0.9403 0.3136 0.1324
vn -0.0680 -0.6719 0.7376
vn 0.3628 -0.9318 -0.0096
vn -0.4756 0.2283 0.8495
vn -0.3973 -0.6938 -0.6007
vn 0.5943 -0.1190 0.7954
vn 0.6032 0.1012 0.7912
vn -0.3966 -0.9172 -0.0375
vn -0.7935 -0.6082 -0.0211
vn -0.8688 -0.2716 0.4139
vn -0.4571 -0.4287 0.7793
vn -0.8049 0.1910 0.5618
vn -0.7218 -0.6920 0.0114
vn -0.4053 -0.8860 0.2254
vn -0.6506 -0.6813 -0.3355
vn -0.7783 0.5249 0.3446
vn -0.9152 -0.2389 -0.3246
vn -0.3577 -0.7681 -0.5311
vn -0.9698 -0.0272 0.2425
vn -0.3667 0.6615 0.6542
vn -0.7526 -0.6566 0.0490
vn -0.0667 -0.9976 -0.0201
vn -0.0832 -0.9956 -0.0442
vn -0.2155 0.4979 0.8401
vn 0.4950 -0.8666 -0.0632
vn 0.8025 -0.4131 0.4305
vn 0.3749 -0.9060 0.1966
vn 0.1743 -0.9619 0.2108
vn 0.5582 0.2109 0.8025
vn 0.4086 0.1006 0.9071
vn 0.2304 -0.5173 0.8242
vn 0.0772 -0.9018 0.4251
vn 0.3120 -0.8033 0.5074
vn -0.7307 -0.6354 -0.2495
vn -0.8772 -0.2982 0.3763
vn 0.1016 -0.9940 0.0404
vn -0.8401 -0.5112 0.1814
vn -0.2833 0.1846 0.9411
vn 0.0989 -0.6551 -0.7490
vn 0.4419 -0.8641 -0.2409
vn 0.1149 -0.9921 0.0501
vn 0.0668 -0.2333 0.9701
vn 0.5230 -0.7396 0.4236
vn 0.2143 -0.8305 -0.5142
vn 0.9659 -0.2575 -0.0261
vn 0.5341 0.2780 0.7984
vn 0.8071 -0.3051 0.5054
vn 0.3049 -0.5637 0.7677
vn 0.5986 0.1535 0.7862
vn 0.5106 0.4159 0.7526
vn -0.0810 -0.7061 0.7034
vn -0.3755 -0.6972 0.6107
vn 0.2018 -0.1573 0.9667
vn 0.2156 -0.0122 0.9764
vn 0.1468 -0.5833 0.7989
vn -0.2744 0.2453 -0.9298
vn -0.5724 0.4075 -0.7115
vn -0.9522 -0.2747 0.1339
vn 0.1265 -0.5428 0.8303
vn -0.1121 -0.0264 0.9933
vn -0.1592 0.4039 0.9008
vn -0.3156 -0.3732 0.8724
vn -0.8468 -0.1037 -0.5217
vn -0.5782 -0.1073 -0.8088
vn -0.4041 0.5980 -0.6921
vn 0.0592 -0.3517 0.9342
vn -0.5329 0.2760 0.7999
vn -0.6864 -0.4298 -0.5866
vn -0.7348 0.5495 0.3976
vn -0.9420 0.2999 0.1506
vn -0.6019 0.0367 0.7977
vn -0.0064 0.2017 0.9794
vn -0.3838 0.7021 0.5998
vn 0.1955 0.1320 0.9718
vn -0.2543 0.1542 0.9547
vn 0.3208 0.3902 0.8630
vn 0.0772 0.7649 0.6395
vn 0.0687 0.3177 0.9457
vn 0.3200 0.5754 0.7527
vn 0.6839 0.1849 0.7057
vn 0.3476 0.3585 0.8664
vn 0.1609 -0.0418 0.9861
vn 0.3890 0.2670 0.8817
vn 0.3783 0.2284 0.8971
vn 0.6612 0.2881 0.6927
vn 0.5092 0.1817 0.8412
vn 0.5593 0.0150 0.8289
vn -0.0915 -0.0545 0.9943
vn -0.1420 -0.1110 0.9836
vn -0.5217 -0.0753 0.8498
vn -0.9856 0.1239 0.1146
vn -0.6207 -0.3032 0.7231
vn -0.0200 -0.4015 0.9156
vn -0.4799 -0.2750 0.8331
vn -0.1923 -0.2194 0.9565
vn -0.6410 -0.1209 0.7580
vn 0.3571 0.0427 0.9331
vn 0.1823 0.2487 0.9513
vn 0.2798 0.1607 0.9465
vn 0.6996 0.5107 0.4997
vn -0.0499 -0.1152 0.9921
vn 0.7141 0.7000 -0.0073
vn 0.2539 0.4613 0.8501
vn -0.0885 0.1031 0.9907
vn 0.4655 0.7293 0.5014
vn 0.0328 0.9058 0.4224
vn -0.3721 0.9148 0.1571
vn -0.3196 -0.2845 0.9038
vn -0.1746 0.5263 0.8322
vn -0.7520 0.6034 0.2655
vn 0.9637 0.1064 0.2450
vn 0.6268 -0.1289 0.7684
vn 0.5484 0.1949 0.8132
vn 0.8893 0.2093 0.4067
vn 0.7791 0.4814 0.4016
vn 0.7481 0.6636 0.0025
vn 0.9270 -0.0680 0.3688
vn 0.9411 -0.1838 0.2838
vn 0.1772 0.5388 0.8236
vn 0.5577 -0.6167 -0.5556
vn -0.4594 0.2944 0.8380
vn -0.8805 0.2123 0.4238
vn -0.6904 -0.0105 -0.7234
vn 0.8967 -0.0856 0.4343
vn 0.2677 0.2491 0.9308
vn 0.8136 -0.5077 -0.2833
vn 0.9833 -0.1483 0.1054
vn 0.2619 -0.4104 -0.8735
vn 0.7796 -0.6058 0.1591
vn 0.3593 0.1154 0.9261
vn -0.1204 -0.8224 0.5560
vn 0.0059 -0.6027 -0.7980
vn 0.0904 0.7961 0.5983
vn -0.1784 -0.9734 0.1436
vn 0.4223 0.4486 -0.7877
vn -0.1003 0.5676 0.8171
vn 0.1878 -0.9348 0.3016
vn -0.1356 -0.3819 0.9142
vn -0.7176 0.1423 -0.6818
vn -0.9497 0.1778 -0.2576
vn -0.9149 0.1092 -0.3885
vn 0.7279 0.5527 -0.4058
vn -0.6783 0.0127 0.7346
vn 0.7895 0.4211 -0.4465
vn -0.7284 0.2898 -0.6209
vn -0.2564 0.8197 -0.5123
vn 0.1630 -0.0354 0.9860
vn -0.3799 -0.1771 0.9079
vn 0.3726 -0.1362 0.9180
vn 0.2469 0.4050 0.8803
vn 0.6455 0.5986 0.4744
vn -0.4738 0.6399 0.6050
vn 0.0912 -0.9164 0.3897
vn 0.7475 0.6093 0.2647
vn 0.0610 -0.8968 0.4381
vn 0.9128 -0.4071 -0.0308
vn 0.5780 -0.8062 -0.1263
vn 0.6718 0.6699 -0.3160
vn -0.3673 0.8866 -0.2810
vn -0.8480 0.3363 0.4097
vn -0.8703 0.1508 0.4689
vn 0.4084 0.6738 0.6158
vn 0.5908 -0.6261 0.5089
vn 0.5743 0.7985 -0.1805
vn -0.9119 -0.2088 0.3533
vn -0.1542 0.8917 0.4256
vn -0.8074 -0.2810 0.5188
vn -0.6804 0.5503 -0.4840
vn 0.2282 0.6792 -0.6975
vn 0.6459 0.6317 -0.4286
vn 0.2487 -0.4276 0.8691
vn 0.6293 0.7770 -0.0145
vn 0.9899 -0.1409 -0.0140
vn 0.6609 -0.0081 0.7504
vn -0.1618 0.7742 -0.6119
vn 0.7397 0.1170 0.6627
vn 0.9760 0.1647 0.1428
vn 0.9920 -0.0780 0.0996
vn 0.8374 0.3983 0.3743
vn -0.6405 0.1663 0.7497
vn 0.3876 -0.3597 0.8488
vn 0.1982 -0.5779 0.7917
vn -0.4551 0.8221 -0.3422
vn 0.8427 -0.4537 0.2898
vn 0.1431 0.7617 -0.6319
vn -0.9289 0.3252 0.1769
vn -0.7178 0.2605 0.6457
vn -0.6724 -0.7370 -0.0691
vn -0.2515 0.6076 0.7533
vn -0.2914 -0.9470 0.1354
vn -0.8396 0.4783 0.2575
vn 0.3839 0.5465 0.7443
vn -0.2557 0.9666 -0.0178
vn -0.4701 0.0973 0.8772
vn -0.9885 -0.1386 0.0602
vn -0.2942 0.2016 -0.9342
vn -0.9222 -0.3853 -0.0318
vn -0.7234 0.5463 -0.4221
vn -0.7676 -0.6119 -0.1905
vn 0.0123 -0.5521 0.8337
vn 0.7291 -0.6286 0.2707
vn 0.8302 -0.5102 -0.2245
vn 0.3589 -0.7116 0.6041
vn -0.8874 0.3694 -0.2757
vn 0.4991 0.8517 0.1595
vn -0.3605 -0.7375 0.5711
vn -0.6198 0.7343 -0.2768
vn -0.7341 0.6342 0.2427
vn 0.2404 -0.5793 0.7788
vn 0.8592 0.2821 -0.4269
vn 0.1518 0.5464 0.8236
vn 0.9054 -0.1055 0.4112
vn 0.7779 0.2241 0.5870
vn 0.3054 0.9462 0.1072
vn 0.4458 -0.6795 0.5827
vn 0.9409 -0.3322 -0.0655
vn -0.2891 0.5564 -0.7790
vn 0.8826 0.0759 -0.4640
vn 0.9521 -0.0389 -0.3034
vn 0.2806 0.1941 0.9400
vn 0.6905 0.0992 -0.7165
vn -0.5659 -0.0503 0.8229
vn -0.7318 0.6321 -0.2548
vn -0.3010 -0.2159 0.9289
vn -0.6103 -0.2815 0.7404
vn 0.0595 0.0789 -0.9951
vn 0.7366 -0.4960 0.4597
vn 0.8720 -0.2582 -0.4158
vn 0.8614 -0.3244 0.3909
vn -0.3595 0.6259 -0.6921
vn 0.2927 0.7784 0.5554
vn 0.2795 0.0148 -0.9600
vn -0.9784 0.1579 0.1335
vn -0.4592 0.1561 0.8745
vn 0.4377 0.8946 -0.0895
vn 0.3055 -0.4602 0.8336
vn -0.6481 0.4661 -0.6023
vn -0.9620 -0.2714 0.0310
vn -0.7868 -0.5855 0.1952
vn -0.2533 -0.0237 -0.9671
vn -0.5200 0.2772 -0.8079
vn -0.9697 0.1308 0.2063
vn -0.7326 0.5812 -0.3543
vn -0.6894 0.1143 -0.7153
vn -0.4624 0.8461 0.2651
vn -0.5639 -0.5514 0.6149
vn 0.5991 0.6719 -0.4355
vn 0.1042 0.9769 -0.1866
vn 0.6512 -0.6607 -0.3733
vn -0.5976 0.8018 -0.0070
vn 0.6854 0.4694 0.5567
vn 0.3232 -0.2651 0.9085
vn -0.0242 -0.7262 0.6871
vn 0.2100 0.0386 0.9769
vn 0.8179 -0.5409 0.1960
vn 0.9382 0.3402 -0.0632
vn 0.6923 0.5558 0.4602
vn -0.1958 -0.5043 -0.8410
vn 0.4562 -0.8695 0.1894
vn -0.4552 0.5955 0.6620
vn 0.5469 0.8108 -0.2085
vn 0.1985 0.6982 0.6879
vn 0.5332 -0.7349 -0.4191
vn -0.6097 0.6833 0.4016
vn -0.9325 0.0207 -0.3606
vn 0.9736 0.1072 0.2013
vn -0.4731 0.7202 0.5075
vn 0.7178 0.6944 0.0507
vn -0.4298 0.0059 0.9029
vn -0.1384 -0.9826 0.1237
vn -0.3609 0.9232 -0.1322
vn 0.8574 -0.1915 0.4777
vn -0.7092 0.4753 0.5207
vn -0.5483 -0.7174 0.4298
vn 0.7887 0.3927 -0.4730
vn 0.4985 -0.6526 -0.5707
vn 0.5983 0.1986 0.7763
vn 0.9694 0.0578 0.2386
vn 0.7993 -0.5633 0.2094
vn -0.1177 -0.9866 0.1128
vn 0.4057 -0.8049 -0.4331
vn -0.6011 -0.4287 -0.6744
vn -0.4855 -0.7204 -0.4953
vn -0.3665 0.2660 -0.8916
vn -0.6008 -0.2683 -0.7530
vn -0.5977 0.1740 -0.7826
vn -0.0890 -0.8278 -0.5539
vn -0.2110 0.0613 -0.9756
vn -0.2167 -0.3637 -0.9059
vn -0.3059 -0.3992 -0.8643
vn -0.4920 0.0855 -0.8664
vn -0.1073 -0.9271 -0.3592
vn -0.7392 -0.5072 -0.4431
vn 0.3881 -0.9154 0.1069
vn -0.4583 -0.5650 0.6861
vn -0.0967 0.0667 -0.9931
vn 0.2035 -0.9597 -0.1940
vn 0.5276 -0.8408 -0.1215
vn 0.0856 -0.9228 0.3756
vn 0.9384 -0.3233 0.1220
vn -0.3283 -0.7322 -0.5968
vn 0.4654 -0.8202 -0.3328
vn 0.3844 -0.6596 0.6459
vn 0.8700 -0.2722 -0.4110
vn 0.3726 -0.5412 -0.7539
vn 0.5999 -0.1965 -0.7756
vn 0.0432 -0.9197 -0.3902
vn 0.1703 -0.3313 -0.9280
vn -0.2777 -0.9514 0.1330
vn -0.4740 -0.8519 -0.2225
vn -0.2450 -0.5714 -0.7832
vn 0.1789 -0.4892 0.8536
vn 0.7207 0.5438 0.4298
vn 0.2029 -0.9682 -0.1462
vn 0.6613 0.1336 -0.7381
vn 0.9922 -0.0965 -0.0788
vn -0.2258 0.7504 -0.6212
vn 0.4471 0.1946 -0.8731
vn 0.6383 -0.4535 -0.6220
vn 0.1043 0.5102 -0.8537
vn -0.5102 0.3208 -0.7980
vn -0.7753 -0.3085 -0.5511
vn -0.7676 -0.3090 -0.5615
vn -0.6007 0.0553 -0.7975
vn -0.7423 -0.0103 -0.6699
vn -0.6761 -0.2859 -0.6791
vn -0.6762 0.2378 -0.6973
vn -0.5646 -0.0786 -0.8216
vn -0.1340 0.0219 -0.9907
vn -0.3193 -0.0674 -0.9452
vn 0.2032 0.0054 -0.9791
vn 0.0523 -0.1001 -0.9936
vn 0.3418 0.0725 -0.9370
vn 0.0885 -0.0632 -0.9941
vn 0.1434 0.3217 -0.9359
vn -0.1999 0.0921 -0.9755
vn 0.2656 0.2718 -0.9250
vn 0.6745 0.0041 -0.7383
vn 0.6386 -0.1206 -0.7600
vn 0.7627 0.2463 -0.5980
vn 0.7551 -0.0928 -0.6490
vn 0.5104 -0.0552 -0.8581
vn 0.6392 0.1457 -0.7551
vn -0.5932 -0.3760 -0.7119
vn 0.1850 0.0370 -0.9821
vn 0.3263 0.4699 -0.8202
vn -0.5876 -0.4664 -0.6612
vn -0.5837 -0.1476 -0.7984
vn -0.3937 -0.1255 -0.9106
vn 0.5530 0.6129 -0.5644
vn -0.5489 -0.4986 -0.6709
vn -0.3537 -0.2693 -0.8958
vn -0.4079 0.3594 -0.8393
vn 0.2344 0.5461 -0.8042
vn -0.6311 0.1401 -0.7629
vn 0.1014 0.6561 -0.7478
vn -0.4138 -0.3424 -0.8435
vn 0.5821 0.8008 0.1409
vn 0.6710 0.5562 -0.4904
vn 0.3496 0.1609 -0.9230
vn 0.5351 0.3668 -0.7610
vn 0.6135 0.6129 -0.4979
vn 0.8365 0.2982 -0.4598
vn 0.2135 0.9428 -0.2559
vn 0.7991 0.3407 -0.4953
vn -0.1323 0.3175 0.9390
vn -0.2154 -0.9742 0.0676
vn 0.3677 0.8949 -0.2528
vn 0.6051 0.6531 -0.4553
vn 0.3405 -0.0554 -0.9386
vn -0.2764 0.3520 0.8942
vn -0.2458 -0.9243 -0.2920
vn -0.4054 -0.6661 0.6260
vn 0.4171 0.9086 -0.0217
vn -0.1648 0.4582 0.8734
vn 0.4597 0.1113 -0.8811
vn 0.2968 -0.3760 -0.8778
vn -0.2304 0.6306 0.7411
vn 0.1607 0.9502 -0.2671
vn -0.0015 -0.9975 -0.0705
vn -0.2195 -0.3339 -0.9167
vn -0.5664 0.7672 -0.3009
vn 0.1100 0.1021 -0.9887
vn 0.2503 -0.9218 -0.2961
vn 0.3369 0.4611 -0.8209
vn 0.4347 -0.7112 -0.5524
vn -0.0663 -0.6032 0.7949
vn -0.2381 0.6372 0.7330
vn 0.3261 -0.1050 -0.9395
vn -0.4886 0.7965 0.3562
vn 0.4334 -0.8506 0.2977
vn 0.2706 -0.5432 0.7948
vn 0.2558 -0.2125 -0.9431
vn 0.5810 0.0298 -0.8134
vn 0.3919 0.5022 -0.7709
vn -0.2518 -0.2807 -0.9262
vn -0.1328 0.9908 -0.0249
vn -0.6684 0.4446 -0.5962
vn 0.5813 0.8111 -0.0639
vn -0.1427 -0.5898 -0.7948
vn -0.5733 0.1257 -0.8096
vn 0.7761 -0.6114 -0.1545
vn 0.8747 -0.4845 0.0161
vn 0.4422 0.7826 0.4382
vn 0.4661 -0.7138 -0.5227
vn -0.4245 0.9048 0.0328
vn 0.0429 -0.1246 -0.9913
vn 0.7210 0.0968 0.6862
vn -0.5741 0.8017 0.1666
vn 0.6165 0.7526 -0.2313
vn 0.8911 0.0527 -0.4506
vn 0.7209 0.3997 -0.5662
vn 0.9592 -0.1451 0.2427
vn 0.9078 0.0629 -0.4146
vn 0.9116 -0.0882 -0.4015
vn 0.7767 -0.1479 0.6122
vn 0.8858 -0.4584 -0.0727
vn 0.9566 -0.2662 0.1189
vn 0.9136 0.1982 -0.3551
vn 0.8112 0.0845 -0.5786
vn 0.7343 0.1741 0.6562
vn 0.9868 0.1550 0.0474
vn 0.8607 0.3737 -0.3456
vn 0.8172 0.4055 -0.4096
vn 0.8680 0.4262 -0.2548
vn 0.7893 0.3668 0.4923
vn 0.9604 0.2110 0.1822
vn 0.8880 -0.1847 0.4212
vn 0.9283 -0.1469 0.3416
vn 0.9287 0.2837 0.2388
vn 0.5871 0.4301 -0.6858
vn 0.7185 0.6891 0.0939
vn 0.6074 0.5767 -0.5464
vn 0.9565 -0.1454 -0.2530
vn 0.3168 0.4721 -0.8227
vn 0.8074 0.1612 -0.5675
vn 0.6779 -0.0676 -0.7321
vn 0.5260 0.2864 -0.8008
vn 0.6978 0.1862 -0.6916
vn 0.5146 0.8389 0.1774
vn 0.9601 -0.1880 -0.2071
vn -0.7200 0.6509 0.2407
vn -0.1024 0.4083 -0.9071
vn -0.3684 -0.4882 -0.7912
vn -0.9210 -0.3164 -0.2273
vn -0.5019 0.4744 0.7232
vn 0.6022 0.7902 -0.1134
vn 0.0640 0.7029 0.7084
vn 0.1744 -0.5804 -0.7955
vn 0.2310 0.6793 0.6966
vn 0.4446 -0.4045 -0.7992
vn 0.8399 0.5100 0.1856
vn 0.6167 0.7870 -0.0195
vn 0.8205 -0.0735 -0.5669
vn 0.1083 0.0982 -0.9893
vn 0.4510 0.2160 0.8660
vn 0.5887 -0.7314 -0.3443
vn 0.2444 0.4623 0.8524
vn -0.4820 0.4833 -0.7308
vn -0.4008 0.8429 -0.3590
vn 0.7516 0.4772 -0.4555
vn 0.6193 0.7751 -0.1253
vt 0.998544 0.346349
vt 1.000000 0.370466
vt 0.993826 0.358959
vt 0.101036 0.030912
vt 0.092432 0.056931
vt 0.092432 0.000262
vt 0.097119 0.389978
vt 0.104161 0.427441
vt 0.095388 0.429747
vt 0.015468 0.675208
vt 0.027522 0.745267
vt 0.000212 0.681309
vt 0.135310 0.367396
vt 0.113171 0.415744
vt 0.114130 0.357393
vt 0.113156 0.107539
vt 0.104874 0.142487
vt 0.104874 0.083065
vt 0.632047 0.552162
vt 0.638971 0.611399
vt 0.622786 0.563638
vt 0.481035 0.265528
vt 0.450421 0.258064
vt 0.447914 0.246375
vt 0.454739 0.432720
vt 0.449318 0.384255
vt 0.463014 0.436875
vt 0.505841 0.307966
vt 0.482253 0.291491
vt 0.511384 0.284140
vt 0.376215 0.473015
vt 0.368872 0.493371
vt 0.361671 0.440014
vt 0.363470 0.510880
vt 0.352380 0.473598
vt 0.556957 0.228548
vt 0.574780 0.273225
vt 0.551229 0.254644
vt 0.570378 0.300487
vt 0.546696 0.330958
vt 0.447975 0.494168
vt 0.456459 0.510335
vt 0.764786 0.557805
vt 0.771073 0.584270
vt 0.750285 0.575541
vt 0.751285 0.776816
vt 0.754755 0.751794
vt 0.770725 0.794042
vt 0.729876 0.554297
vt 0.762495 0.533363
vt 0.724384 0.518072
vt 0.532699 0.052352
vt 0.553024 0.073878
vt 0.559692 0.112704
vt 0.774611 0.119967
vt 0.774529 0.176832
vt 0.746342 0.182056
vt 0.761054 0.200221
vt 0.511658 0.803109
vt 0.476450 0.792535
vt 0.505640 0.776287
vt 0.774306 0.499441
vt 0.756643 0.490536
vt 0.758268 0.455654
vt 0.747706 0.432619
vt 0.743012 0.472156
vt 0.733095 0.465260
vt 0.438275 0.447980
vt 0.425143 0.445887
vt 0.442544 0.380105
vt 0.491503 0.324042
vt 0.467328 0.371816
vt 0.479027 0.317685
vt 0.247651 0.108312
vt 0.306140 0.129814
vt 0.263331 0.143252
vt 0.294241 0.106557
vt 0.990925 0.336774
vt 0.977253 0.280470
vt 0.250230 0.876740
vt 0.237366 0.883133
vt 0.256477 0.855961
vt 0.117500 0.772815
vt 0.107175 0.768841
vt 0.117779 0.746569
vt 0.537008 0.236037
vt 0.519002 0.214846
vt 0.522865 0.190145
vt 0.498515 0.185275
vt 0.496743 0.140278
vt 0.200891 0.470025
vt 0.192595 0.417880
vt 0.209845 0.382604
vt 0.118176 0.316804
vt 0.507820 0.472102
vt 0.532526 0.392658
vt 0.549732 0.456455
vt 0.560868 0.501467
vt 0.472716 0.533679
vt 0.475389 0.506087
vt 0.721314 0.614876
vt 0.744182 0.597762
vt 0.717140 0.644559
vt 0.715065 0.589876
vt 0.678704 0.574392
vt 0.689874 0.534082
vt 0.686954 0.612154
vt 0.656625 0.596924
vt 0.638901 0.589003
vt 0.606770 0.395887
vt 0.653033 0.409983
vt 0.628505 0.426297
vt 0.648748 0.608699
vt 0.635066 0.484479
vt 0.650342 0.485755
vt 0.598578 0.444646
vt 0.602979 0.471937
vt 0.606474 0.524611
vt 0.785444 0.253921
vt 0.765982 0.235965
vt 0.792746 0.230148
vt 0.228705 0.054404
vt 0.252082 0.031177
vt 0.282773 0.046559
vt 0.780499 0.282500
vt 0.758464 0.272078
vt 0.296593 0.260711
vt 0.287943 0.283290
vt 0.277615 0.265563
vt 0.221699 0.042637
vt 0.207884 0.015556
vt 0.672524 0.390113
vt 0.652337 0.364596
vt 0.752820 0.238617
vt 0.749994 0.277508
vt 0.745358 0.201887
vt 0.770521 0.213092
vt 0.673575 0.336134
vt 0.325770 0.273673
vt 0.353240 0.303732
vt 0.921752 0.922513
vt 0.941710 0.928827
vt 0.911588 0.934125
vt 0.376301 0.267368
vt 0.350706 0.247817
vt 0.895266 0.891872
vt 0.361710 0.251646
vt 0.379337 0.219969
vt 0.396006 0.260946
vt 0.034974 0.081148
vt 0.034974 0.132124
vt 0.024920 0.094988
vt 0.455710 0.379078
vt 0.481454 0.451235
vt 0.486550 0.370643
vt 0.008380 0.093264
vt 0.010037 0.043168
vt 0.019430 0.019859
vt 0.491101 0.448034
vt 0.497409 0.478120
vt 0.155440 0.519638
vt 0.148209 0.556390
vt 0.143811 0.534496
vt 0.831606 0.883420
vt 0.807814 0.876021
vt 0.831606 0.827233
vt 0.310213 0.028472
vt 0.365332 0.033541
vt 0.317053 0.010966
vt 0.199482 0.530141
vt 0.173789 0.551813
vt 0.173789 0.522272
vt 0.836787 0.244243
vt 0.828283 0.276667
vt 0.811400 0.264661
vt 0.810576 0.239319
vt 0.385520 0.188991
vt 0.410765 0.223959
vt 0.348968 0.223827
vt 0.373876 0.008078
vt 0.390258 0.024167
vt 0.864012 0.840554
vt 0.865962 0.863398
vt 0.840125 0.843063
vt 0.399435 0.017020
vt 0.460350 0.021988
vt 0.108542 0.738342
vt 0.090283 0.720706
vt 0.090283 0.657784
vt 0.390082 0.608086
vt 0.368457 0.596690
vt 0.356481 0.570746
vt 0.617263 0.212487
vt 0.584953 0.215807
vt 0.596202 0.145120
vt 0.610165 0.281064
vt 0.021385 0.343046
vt 0.004928 0.407481
vt 0.001016 0.340704
vt 0.593819 0.297758
vt 0.612087 0.328959
vt 0.037193 0.393891
vt 0.022530 0.451843
vt 0.561136 0.352289
vt 0.591466 0.355708
vt 0.005818 0.516775
vt 0.029421 0.559230
vt 0.015546 0.609901
vt 0.064240 0.602001
vt 0.051308 0.589033
vt 0.746495 0.367121
vt 0.762082 0.362503
vt 0.760172 0.392555
vt 0.583210 0.147681
vt 0.080441 0.233109
vt 0.043756 0.270414
vt 0.076449 0.225140
vt 0.028746 0.177357
vt 0.029099 0.233162
vt 0.004556 0.216317
vt 0.573712 0.155492
vt 0.013395 0.302987
vt 0.038860 0.238342
vt 0.752291 0.332413
vt 0.742482 0.351415
vt 0.713316 0.327625
vt 0.059979 0.302969
vt 0.092634 0.179020
vt 0.107889 0.194724
vt 0.727923 0.380038
vt 0.511439 0.065405
vt 0.531088 0.041249
vt 0.531088 0.081606
vt 0.705655 0.349551
vt 0.120256 0.233971
vt 0.101008 0.260495
vt 0.239637 0.567809
vt 0.239637 0.598445
vt 0.231169 0.592512
vt 0.497409 0.696377
vt 0.476847 0.712435
vt 0.492063 0.663727
vt 0.180446 0.047423
vt 0.203960 0.000791
vt 0.211414 0.061958
vt 0.167048 0.008005
vt 0.167354 0.025865
vt 0.216047 0.146280
vt 0.196293 0.141221
vt 0.221909 0.103465
vt 0.007597 0.111366
vt 0.026012 0.117126
vt 0.726901 0.194695
vt 0.742239 0.282716
vt 0.723399 0.279014
vt 0.036357 0.183842
vt 0.714013 0.173121
vt 0.711173 0.215937
vt 0.120744 0.111106
vt 0.135671 0.108403
vt 0.476887 0.474697
vt 0.499023 0.533278
vt 0.503886 0.566824
vt 0.138943 0.198410
vt 0.134800 0.217121
vt 0.713457 0.296981
vt 0.640784 0.298136
vt 0.196891 0.217757
vt 0.759923 0.134542
vt 0.736198 0.146408
vt 0.114069 0.019116
vt 0.148966 0.063392
vt 0.133230 0.030705
vt 0.425469 0.085173
vt 0.412996 0.101183
vt 0.425556 0.024988
vt 0.414747 0.649259
vt 0.413910 0.673908
vt 0.097622 0.583049
vt 0.070558 0.586019
vt 0.082035 0.541149
vt 0.092793 0.608580
vt 0.073900 0.633939
vt 0.105326 0.604168
vt 0.586133 0.484262
vt 0.562244 0.557238
vt 0.119572 0.583500
vt 0.231808 0.188868
vt 0.196656 0.212680
vt 0.083586 0.491947
vt 0.714581 0.499879
vt 0.605824 0.378620
vt 0.053459 0.501398
vt 0.227910 0.224841
vt 0.260855 0.230942
vt 0.116630 0.478064
vt 0.111737 0.486601
vt 0.067058 0.416312
vt 0.225747 0.270513
vt 0.264020 0.282191
vt 0.093504 0.516979
vt 0.118014 0.498755
vt 0.722798 0.137889
vt 0.687142 0.148285
vt 0.704259 0.117138
vt 0.710031 0.057186
vt 0.721685 0.071916
vt 0.247088 0.319654
vt 0.249604 0.295269
vt 0.263310 0.384299
vt 0.111943 0.537270
vt 0.238108 0.332303
vt 0.235748 0.374469
vt 0.184111 0.323324
vt 0.212937 0.320531
vt 0.476456 0.595603
vt 0.469173 0.593735
vt 0.483356 0.574664
vt 0.247869 0.386930
vt 0.177291 0.604487
vt 0.182643 0.626722
vt 0.171917 0.602960
vt 0.028497 0.748201
vt 0.020753 0.762696
vt 0.014706 0.754585
vt 0.663342 0.128400
vt 0.662685 0.095673
vt 0.676485 0.104914
vt 0.134715 0.186528
vt 0.125812 0.156378
vt 0.134715 0.115440
vt 0.711060 0.660691
vt 0.720251 0.653216
vt 0.707362 0.687743
vt 0.742228 0.690947
vt 0.723226 0.681565
vt 0.498260 0.304564
vt 0.528190 0.363365
vt 0.518274 0.357386
vt 0.219091 0.681960
vt 0.203821 0.680867
vt 0.204253 0.671824
vt 0.465638 0.122404
vt 0.442808 0.148166
vt 0.403746 0.120900
vt 0.482556 0.151771
vt 0.473710 0.085907
vt 0.470050 0.178063
vt 0.444470 0.172566
vt 0.210274 0.726526
vt 0.234715 0.775650
vt 0.231838 0.808634
vt 0.487890 0.181675
vt 0.377014 0.817045
vt 0.402850 0.803257
vt 0.402850 0.875648
vt 0.879605 0.507809
vt 0.905282 0.520876
vt 0.861852 0.515929
vt 0.846612 0.485606
vt 0.870843 0.443569
vt 0.893599 0.427761
vt 0.274957 0.767060
vt 0.229029 0.718797
vt 0.237863 0.708280
vt 0.867091 0.557086
vt 0.865086 0.492683
vt 0.820732 0.467976
vt 0.802005 0.496416
vt 0.843503 0.595281
vt 0.799195 0.532083
vt 0.821223 0.535250
vt 0.822150 0.567868
vt 0.828085 0.551772
vt 0.092224 0.869171
vt 0.092224 0.812322
vt 0.101036 0.825970
vt 0.796714 0.600434
vt 0.806460 0.575497
vt 0.178481 0.444132
vt 0.173172 0.426369
vt 0.468731 0.644759
vt 0.475389 0.696645
vt 0.460756 0.672536
vt 0.153758 0.329345
vt 0.149674 0.299898
vt 0.164537 0.317472
vt 0.520718 0.086526
vt 0.517245 0.150416
vt 0.434112 0.099896
vt 0.549223 0.092419
vt 0.167098 0.285006
vt 0.101377 0.329181
vt 0.118869 0.301546
vt 0.954080 0.200069
vt 0.938145 0.221947
vt 0.911019 0.145275
vt 0.923728 0.143510
vt 0.533925 0.145592
vt 0.148612 0.270088
vt 0.890631 0.190705
vt 0.907505 0.225989
vt 0.222059 0.853045
vt 0.225111 0.828482
vt 0.249479 0.847961
vt 0.183129 0.470271
vt 0.209845 0.531088
vt 0.165513 0.518035
vt 0.250554 0.826961
vt 0.258706 0.782846
vt 0.272851 0.824375
vt 0.271084 0.853893
vt 0.303684 0.860104
vt 0.133083 0.221847
vt 0.158479 0.230481
vt 0.846566 0.149207
vt 0.860241 0.198787
vt 0.838837 0.214700
vt 0.792813 0.214656
vt 0.691700 0.174622
vt 0.691710 0.192425
vt 0.677452 0.176569
vt 0.779244 0.181256
vt 0.800497 0.148097
vt 0.796601 0.255146
vt 0.809359 0.277306
vt 0.780373 0.302365
vt 0.783213 0.142017
vt 0.971593 0.034895
vt 0.969305 0.055677
vt 0.910167 0.029370
vt 0.932052 0.048110
vt 0.507312 0.584144
vt 0.516184 0.633927
vt 0.502694 0.634902
vt 0.530276 0.595943
vt 0.911989 0.078331
vt 0.213398 0.530239
vt 0.239637 0.515653
vt 0.234097 0.544886
vt 0.849179 0.087619
vt 0.880289 0.068890
vt 0.345654 0.378910
vt 0.342304 0.425830
vt 0.290521 0.415039
vt 0.839740 0.056770
vt 0.879328 0.031201
vt 0.327684 0.503911
vt 0.795086 0.106464
vt 0.813309 0.065306
vt 0.769331 0.068229
vt 0.816147 0.044520
vt 0.783742 0.041084
vt 0.769373 0.047170
vt 0.239637 0.676529
vt 0.227261 0.614271
vt 0.239028 0.612679
vt 0.377619 0.325506
vt 0.385859 0.332297
vt 0.365682 0.379643
vt 0.309960 0.355791
vt 0.364378 0.415534
vt 0.887434 0.848707
vt 0.108808 0.665644
vt 0.490776 0.000138
vt 0.399331 0.002830
vt 0.849313 0.376019
vt 0.870466 0.392710
vt 0.849313 0.401935
vt 0.842567 0.817202
vt 0.822700 0.762749
vt 0.845268 0.793035
vt 0.099730 0.632689
vt 0.085154 0.102623
vt 0.078361 0.195449
vt 0.063115 0.146432
vt 0.000363 0.057232
vt 0.006477 0.001394
vt 0.006477 0.103627
vt 0.079371 0.073229
vt 0.074588 0.103486
vt 0.096236 0.075766
vt 0.144444 0.004738
vt 0.159502 0.000570
vt 0.158752 0.043173
vt 0.081606 0.005756
vt 0.077705 0.045337
vt 0.077705 0.000060
vt 0.490879 0.716852
vt 0.439995 0.761910
vt 0.413921 0.769206
vt 0.298629 0.216611
vt 0.304422 0.203505
vt 0.304614 0.220578
vt 0.027111 0.813807
vt 0.037009 0.766015
vt 0.045337 0.768978
vt 0.672280 0.840520
vt 0.672280 0.893782
vt 0.638576 0.872815
vt 0.628767 0.725561
vt 0.648964 0.706931
vt 0.648964 0.760363
vt 0.325939 0.636279
vt 0.351329 0.671116
vt 0.326499 0.654219
vt 0.349324 0.803983
vt 0.372062 0.875648
vt 0.349324 0.874020
vt 0.758921 0.081739
vt 0.710815 0.055645
vt 0.724075 0.037770
vt 0.747068 0.811264
vt 0.756395 0.830639
vt 0.665397 0.794526
vt 0.719791 0.010207
vt 0.367526 0.104840
vt 0.370466 0.091400
vt 0.370466 0.119171
vt 0.770879 0.303775
vt 0.778725 0.301306
vt 0.774647 0.326237
vt 0.528177 0.866704
vt 0.521079 0.880829
vt 0.523026 0.853935
vt 0.779793 0.370466
vt 0.772088 0.361178
vt 0.643664 0.789546
vt 0.700673 0.838385
vt 0.712776 0.859874
vt 0.772264 0.868868
vt 0.700932 0.848464
vt 0.066581 0.823529
vt 0.058130 0.820215
vt 0.079016 0.792423
vt 0.761666 0.359979
vt 0.051279 0.867876
vt 0.079016 0.851323
vt 0.660330 0.761437
vt 0.664556 0.741050
vt 0.670229 0.775385
vt 0.845032 0.306995
vt 0.839292 0.294194
vt 0.862694 0.283720
vt 0.652115 0.769760
vt 0.839274 0.277003
vt 0.634806 0.769818
vt 0.615873 0.790353
vt 0.428455 0.310126
vt 0.387599 0.384679
vt 0.418493 0.294483
vt 0.592770 0.805224
vt 0.417171 0.345459
vt 0.405101 0.398750
vt 0.615384 0.122495
vt 0.596019 0.054589
vt 0.624581 0.103107
vt 0.602599 0.042357
vt 0.628508 0.056680
vt 0.639593 0.081321
vt 0.420445 0.794287
vt 0.423216 0.782465
vt 0.441236 0.793445
vt 0.043515 0.521123
vt 0.054404 0.557527
vt 0.042496 0.569948
vt 0.375517 0.816062
vt 0.364241 0.803677
vt 0.611424 0.029346
vt 0.567659 0.003744
vt 0.655167 0.023917
vt 0.578329 0.755031
vt 0.548133 0.744926
vt 0.543918 0.728917
vt 0.556828 0.775711
vt 0.536056 0.715099
vt 0.533061 0.694984
vt 0.578380 0.746657
vt 0.393202 0.551421
vt 0.437267 0.542932
vt 0.405220 0.568507
vt 0.396561 0.439658
vt 0.403976 0.443128
vt 0.436638 0.574737
vt 0.449482 0.590674
vt 0.382769 0.583782
vt 0.384652 0.565208
vt 0.120466 0.738342
vt 0.111166 0.733269
vt 0.110494 0.703094
vt 0.159872 0.093715
vt 0.162699 0.131585
vt 0.144444 0.165803
vt 0.941710 0.640242
vt 0.924585 0.675634
vt 0.888752 0.694395
vt 0.067341 0.378238
vt 0.067341 0.307898
vt 0.073834 0.375513
vt 0.379534 0.854374
vt 0.374377 0.854992
vt 0.377283 0.823632
vt 0.570754 0.804809
vt 0.519483 0.820389
vt 0.302602 0.160622
vt 0.306118 0.146027
vt 0.322237 0.150928
vt 0.502573 0.843517
vt 0.500746 0.837223
vt 0.530974 0.832680
vt 0.306420 0.073940
vt 0.302503 0.081765
vt 0.254525 0.065907
vt 0.449812 0.079834
vt 0.377820 0.689404
vt 0.417281 0.659047
vt 0.409250 0.687836
vt 0.380422 0.664090
vt 0.773423 0.388232
vt 0.814867 0.412923
vt 0.768501 0.402865
vt 0.828453 0.354770
vt 0.811085 0.393040
vt 0.793603 0.361767
vt 0.851454 0.364417
vt 0.841891 0.397065
vt 0.849593 0.408765
vt 0.837948 0.426166
vt 0.836877 0.625820
vt 0.884001 0.650816
vt 0.839208 0.658170
vt 0.862944 0.670843
vt 0.681866 0.493278
vt 0.699618 0.495142
vt 0.694918 0.505232
vt 0.615806 0.816563
vt 0.632124 0.835222
vt 0.615806 0.874352
vt 0.064991 0.752883
vt 0.080717 0.750799
vt 0.094407 0.769490
vt 0.789689 0.660044
vt 0.794228 0.639635
vt 0.799293 0.442944
vt 0.790875 0.428906
vt 0.811226 0.414273
vt 0.821243 0.421132
vt 0.808557 0.452094
vt 0.792109 0.500000
vt 0.784825 0.440953
vt 0.866754 0.348596
vt 0.886010 0.332903
vt 0.886010 0.380829
vt 0.318456 0.810415
vt 0.341930 0.830547
vt 0.318998 0.856851
vt 0.334184 0.886010
vt 0.060118 0.655179
vt 0.079559 0.628721
vt 0.099741 0.630274
vt 0.432159 0.728088
vt 0.425118 0.683280
vt 0.454094 0.700858
vt 0.316689 0.058625
vt 0.333779 0.080642
vt 0.448487 0.743873
vt 0.574474 0.690678
vt 0.561140 0.714183
vt 0.547693 0.659868
vt 0.389058 0.731442
vt 0.356481 0.722152
vt 0.404145 0.036739
vt 0.389823 0.089378
vt 0.389823 0.026440
vt 0.108886 0.898018
vt 0.078163 0.910722
vt 0.107540 0.883931
vt 0.082532 0.889555
vt 0.147147 0.845996
vt 0.125581 0.904237
vt 0.108886 0.898018
vt 0.135265 0.881920
vt 0.151321 0.842200
vt 0.195076 0.806833
vt 0.161981 0.856279
vt 0.590821 0.611869
vt 0.603285 0.555954
vt 0.576283 0.648901
vt 0.608144 0.681936
vt 0.621187 0.647363
vt 0.124330 0.687446
vt 0.119951 0.669361
vt 0.135946 0.693063
vt 0.131768 0.747979
vt 0.251919 0.461578
vt 0.301241 0.502836
vt 0.171839 0.717386
vt 0.167296 0.677516
vt 0.196891 0.718652
vt 0.251520 0.538289
vt 0.290243 0.554969
vt 0.185795 0.198248
vt 0.186529 0.212435
vt 0.171085 0.194079
vt 0.410622 0.545337
vt 0.402108 0.544277
vt 0.408403 0.515112
vt 0.246518 0.434787
vt 0.725389 0.379119
vt 0.725273 0.398727
vt 0.717315 0.406924
vt 0.416936 0.425935
vt 0.415154 0.378314
vt 0.424870 0.391928
vt 0.372829 0.032438
vt 0.388601 0.054935
vt 0.381958 0.056918
vt 0.709400 0.407489
vt 0.718678 0.437824
vt 0.383674 0.092898
vt 0.388287 0.107030
vt 0.372829 0.130829
vt 0.418280 0.234324
vt 0.425892 0.261963
vt 0.418280 0.281344
vt 0.247539 0.693933
vt 0.250000 0.713731
vt 0.240518 0.696944
vt 0.808982 0.766568
vt 0.823819 0.808652
vt 0.784789 0.777191
vt 0.803872 0.738384
vt 0.770174 0.737724
vt 0.524965 0.016953
vt 0.513761 0.001770
vt 0.547928 0.000337
vt 0.785065 0.718629
vt 0.760517 0.712875
vt 0.334795 0.160652
vt 0.321671 0.155842
vt 0.366735 0.151539
vt 0.154863 0.504070
vt 0.152394 0.481698
vt 0.160539 0.505305
vt 0.290871 0.166655
vt 0.299816 0.173436
vt 0.272328 0.191710
vt 0.169986 0.872265
vt 0.146655 0.867712
vt 0.271185 0.645159
vt 0.287327 0.643790
vt 0.272145 0.675442
vt 0.330457 0.677156
vt 0.319560 0.672368
vt 0.293387 0.728445
vt 0.280225 0.676408
vt 0.297045 0.709894
vt 0.283956 0.657782
vt 0.301711 0.738712
vt 0.292008 0.754024
vt 0.328179 0.720527
vt 0.355877 0.752705
vt 0.324640 0.753784
vt 0.035510 0.735223
vt 0.040078 0.762591
vt 0.025012 0.763898
vt 0.310497 0.768306
vt 0.413994 0.839041
vt 0.439370 0.855415
vt 0.406798 0.886010
vt 0.435834 0.326292
vt 0.458274 0.279857
vt 0.474093 0.288459
vt 0.427628 0.819319
vt 0.437578 0.802535
vt 0.462435 0.850162
vt 0.424825 0.795917
vt 0.415977 0.505539
vt 0.391985 0.494540
vt 0.387682 0.458717
vt 0.390712 0.139264
vt 0.383796 0.148920
vt 0.346004 0.133012
vt 0.398184 0.511059
vt 0.406163 0.508938
vt 0.327043 0.129857
vt 0.358013 0.098530
vt 0.370466 0.541451
vt 0.366241 0.534242
vt 0.370466 0.509897
vt 0.117728 0.432321
vt 0.358808 0.601779
vt 0.351652 0.627219
vt 0.352571 0.568961
vt 0.033100 0.562176
vt 0.030685 0.531787
vt 0.041451 0.558868
vt 0.095690 0.062176
vt 0.018867 0.751295
vt 0.104654 0.818027
vt 0.099679 0.821244
vt 0.101983 0.764489
vt 0.336146 0.559695
vt 0.415777 0.228643
vt 0.400020 0.203759
vt 0.418615 0.217992
vt 0.389896 0.353511
vt 0.374106 0.407840
vt 0.379174 0.365957
vt 0.110285 0.076908
vt 0.052880 0.174110
vt 0.058290 0.175921
vt 0.051419 0.220207
vt 0.445222 0.265601
vt 0.093264 0.409326
vt 0.088385 0.351510
vt 0.093264 0.344746
vt 0.317358 0.867876
vt 0.309151 0.850343
vt 0.317358 0.812002
vt 0.367554 0.402522
vt 0.470184 0.423633
vt 0.642487 0.568434
vt 0.642487 0.503370
vt 0.626641 0.499225
vt 0.618408 0.516134
vt 0.786270 0.562149
vt 0.765686 0.523617
vt 0.780719 0.539746
vt 0.783005 0.571730
vt 0.543800 0.055477
vt 0.690591 0.414050
vt 0.679281 0.442856
vt 0.674960 0.379772
vt 0.698445 0.401953
vt 0.686977 0.364755
vt 0.693502 0.456626
vt 0.720207 0.474093
vt 0.741080 0.421969
vt 0.333779 0.184244
vt 0.341969 0.245325
vt 0.333779 0.255181
vt 0.409326 0.828563
vt 0.405675 0.853627
vt 0.405675 0.797477
vt 0.486202 0.735813
vt 0.468228 0.316752
vt 0.449246 0.315140
vt 0.445735 0.479275
vt 0.293928 0.096356
vt 0.256268 0.093085
vt 0.421482 0.414519
vt 0.680180 0.332360
vt 0.676988 0.355264
vt 0.041451 0.493230
vt 0.000181 0.254569
vt 0.014540 0.236935
vt 0.018135 0.270759
vt 0.528163 0.247348
vt 0.053632 0.076757
vt 0.060881 0.092580
vt 0.052594 0.148213
vt 0.256477 0.886169
vt 0.226555 0.853567
vt 0.192779 0.380658
vt 0.188799 0.347525
vt 0.145594 0.419101
vt 0.144868 0.376563
vt 0.155375 0.418036
vt 0.243987 0.507772
vt 0.230736 0.460651
vt 0.251295 0.452336
vt 0.975959 0.273881
vt 0.954717 0.220086
vt 0.099679 0.737339
vt 0.187881 0.372664
vt 0.183487 0.404280
vt 0.167098 0.374488
vt 0.971104 0.290065
vt 0.028497 0.705450
vt 0.028497 0.655373
vt 0.104863 0.340664
vt 0.092034 0.334325
vt 0.099146 0.363615
vt 0.172081 0.393237
vt 0.161842 0.420431
vt 1.000000 0.002311
vt 0.995194 0.028321
vt 0.505444 0.023601
vt 0.509067 0.038920
vt 0.480723 0.059585
vt 0.480723 0.023316
vt 0.633899 0.716321
vt 0.652239 0.690080
vt 0.654178 0.701788
vt 0.746112 0.591924
vt 0.537537 0.336018
vt 0.672587 0.641572
vt 0.498523 0.437792
vt 0.668333 0.692995
vt 0.588329 0.426799
vt 0.593985 0.502999
vt 0.765085 0.312176
vt 0.745358 0.296338
vt 0.673575 0.466314
vt 0.212936 0.000138
vt 0.264294 0.007203
vt 0.191594 0.605693
vt 0.211130 0.583095
vt 0.223194 0.678757
vt 0.415803 0.276072
vt 0.186528 0.373685
vt 0.168081 0.393782
vt 0.168081 0.330184
vt 0.440861 0.323353
vt 0.380585 0.082934
vt 0.345961 0.078900
vt 0.449482 0.342788
vt 0.886791 0.918457
vt 0.847526 0.871060
vt 0.377091 0.583979
vt 0.239982 0.054182
vt 0.214673 0.059846
vt 0.704663 0.294041
vt 0.694466 0.211576
vt 0.704663 0.237190
vt 0.548144 0.284381
vt 0.151554 0.175727
vt 0.136680 0.183938
vt 0.136680 0.163975
vt 0.252914 0.159749
vt 0.608268 0.105097
vt 0.660622 0.121762
vt 0.647421 0.074570
vt 0.660622 0.044966
vt 0.673148 0.474093
vt 0.680126 0.465018
vt 0.774611 0.212435
vt 0.625648 0.175158
vt 0.031677 0.652239
vt 0.000461 0.660622
vt 0.000603 0.188065
vt 0.738568 0.609276
vt 0.753886 0.600928
vt 0.753886 0.664508
vt 0.699261 0.470986
vt 0.067358 0.579424
vt 0.048474 0.578484
vt 0.761512 0.351098
vt 0.745084 0.313027
vt 0.004794 0.233642
vt 0.781048 0.427999
vt 0.769990 0.415412
vt 0.476847 0.643567
vt 0.064707 0.353207
vt 0.179265 0.093179
vt 0.200926 0.085701
vt 0.081800 0.305305
vt 0.722766 0.449547
vt 0.228075 0.076860
vt 0.234269 0.070239
vt 0.497409 0.306412
vt 0.736315 0.202872
vt 0.038536 0.154979
vt 0.036465 0.110824
vt 0.048783 0.121477
vt 0.036465 0.051083
vt 0.051813 0.072604
vt 0.155317 0.110278
vt 0.138598 0.157234
vt 0.108898 0.000614
vt 0.128238 0.000614
vt 0.121848 0.022021
vt 0.046169 0.576425
vt 0.061354 0.546442
vt 0.066062 0.576425
vt 0.686868 0.329750
vt 0.641953 0.307105
vt 0.689119 0.031903
vt 0.689119 0.101478
vt 0.666252 0.057065
vt 0.707361 0.751295
vt 0.742040 0.741882
vt 0.347150 0.865285
vt 0.342999 0.852368
vt 0.347150 0.808961
vt 0.109429 0.024950
vt 0.094561 0.001019
vt 0.121010 0.078049
vt 0.019242 0.039729
vt 0.021903 0.084754
vt 0.575537 0.456271
vt 0.114580 0.669300
vt 0.264761 0.200794
vt 0.297663 0.228123
vt 0.660168 0.547792
vt 0.687142 0.122069
vt 0.451274 0.039955
vt 0.435778 0.055323
vt 0.438444 0.037258
vt 0.450144 0.063427
vt 0.690242 0.096515
vt 0.695611 0.057971
vt 0.220688 0.296789
vt 0.702336 0.190415
vt 0.436067 0.260237
vt 0.459845 0.278460
vt 0.436067 0.286269
vt 0.136157 0.476165
vt 0.130615 0.540878
vt 0.623697 0.278238
vt 0.625032 0.261257
vt 0.632124 0.284974
vt 0.392681 0.351036
vt 0.392681 0.309305
vt 0.396373 0.332727
vt 0.184850 0.305676
vt 0.141803 0.540314
vt 0.146744 0.483392
vt 0.167048 0.310500
vt 0.197798 0.357985
vt 0.168345 0.299546
vt 0.613453 0.269999
vt 0.532153 0.735336
vt 0.545061 0.784974
vt 0.532153 0.774354
vt 0.546632 0.748854
vt 0.668390 0.528400
vt 0.677149 0.511782
vt 0.668747 0.557147
vt 0.622862 0.217263
vt 0.366580 0.741517
vt 0.366580 0.791451
vt 0.354186 0.768882
vt 0.086788 0.054404
vt 0.080407 0.037215
vt 0.086788 0.033109
vt 0.234456 0.375019
vt 0.234456 0.402850
vt 0.222520 0.382962
vt 0.496565 0.611399
vt 0.678756 0.563471
vt 0.151108 0.572389
vt 0.168630 0.181083
vt 0.186153 0.143627
vt 0.183313 0.184658
vt 0.169419 0.088575
vt 0.178219 0.097082
vt 0.186529 0.118260
vt 0.324727 0.186377
vt 0.321336 0.182808
vt 0.331606 0.163962
vt 0.468440 0.783898
vt 0.468897 0.755217
vt 0.475302 0.775014
vt 0.176620 0.629534
vt 0.660178 0.506536
vt 0.672529 0.496016
vt 0.475388 0.790155
vt 0.150592 0.429140
vt 0.156532 0.437720
vt 0.154104 0.442830
vt 0.142043 0.453368
vt 0.174870 0.453368
vt 0.002671 0.630829
vt 0.002671 0.599803
vt 0.005181 0.615848
vt 0.684484 0.133651
vt 0.528497 0.389137
vt 0.736866 0.652942
vt 0.731636 0.623144
vt 0.502140 0.273997
vt 0.505964 0.258215
vt 0.515544 0.269931
vt 0.194736 0.681652
vt 0.470989 0.247692
vt 0.458944 0.203307
vt 0.197205 0.807294
vt 0.220212 0.796311
vt 0.482161 0.208113
vt 0.426541 0.180454
vt 0.389284 0.870585
vt 0.887708 0.477045
vt 0.909326 0.588783
vt 0.909081 0.433504
vt 0.778458 0.680200
vt 0.794061 0.682879
vt 0.802247 0.733160
vt 0.805699 0.668673
vt 0.803000 0.695574
vt 0.876943 0.433229
vt 0.866733 0.427598
vt 0.876943 0.388540
vt 0.170407 0.097375
vt 0.176166 0.125336
vt 0.170407 0.159326
vt 0.317514 0.568499
vt 0.303372 0.547573
vt 0.322130 0.543352
vt 0.728712 0.136010
vt 0.753886 0.083223
vt 0.737069 0.133190
vt 0.725038 0.131776
vt 0.736581 0.095834
vt 0.328513 0.565955
vt 0.330311 0.611399
vt 0.725038 0.065132
vt 0.797319 0.548665
vt 0.792679 0.582589
vt 0.775669 0.585909
vt 0.777506 0.619889
vt 0.782941 0.411540
vt 0.780271 0.666711
vt 0.758809 0.670984
vt 0.937005 0.241075
vt 0.194736 0.845689
vt 0.529162 0.634148
vt 0.125396 0.277286
vt 0.134277 0.255138
vt 0.296449 0.814477
vt 0.314486 0.820413
vt 0.784356 0.518334
vt 0.296972 0.786695
vt 0.316062 0.804599
vt 0.680852 0.131607
vt 0.807182 0.239009
vt 0.807495 0.662802
vt 0.834894 0.704313
vt 0.807495 0.720207
vt 0.386010 0.445596
vt 0.375173 0.407807
vt 0.386010 0.402543
vt 0.661618 0.254707
vt 0.665803 0.290155
vt 0.633000 0.290155
vt 0.640373 0.252789
vt 0.934566 0.105208
vt 0.212228 0.249218
vt 0.220207 0.263966
vt 0.212228 0.313471
vt 0.355025 0.450679
vt 0.885074 0.000706
vt 0.348393 0.511057
vt 0.812759 0.854513
vt 0.786693 0.841150
vt 0.792336 0.814015
vt 0.231461 0.567922
vt 0.351501 0.207027
vt 0.336061 0.191363
vt 0.822606 0.465026
vt 0.822606 0.418542
vt 0.847150 0.446271
vt 0.869201 0.413212
vt 0.475389 0.023859
vt 0.475389 0.049223
vt 0.455860 0.042636
vt 0.548519 0.041494
vt 0.573834 0.029352
vt 0.573834 0.066062
vt 0.061144 0.027186
vt 0.079534 0.053610
vt 0.032251 0.041298
vt 0.867389 0.355574
vt 0.117876 0.076250
vt 0.148653 0.059147
vt 0.168074 0.550658
vt 0.167709 0.585435
vt 0.160162 0.547443
vt 0.227622 0.486190
vt 0.208583 0.476559
vt 0.223892 0.415080
vt 0.492095 0.021829
vt 0.490943 0.010470
vt 0.062824 0.206029
vt 0.229275 0.504894
vt 0.209195 0.518134
vt 0.514249 0.020235
vt 0.394757 0.157296
vt 0.398964 0.176800
vt 0.382710 0.163673
vt 0.389706 0.191710
vt 0.378186 0.173423
vt 0.868608 0.757095
vt 0.891192 0.746845
vt 0.866584 0.772835
vt 0.205356 0.862436
vt 0.194857 0.848975
vt 0.217617 0.857370
vt 0.174870 0.470405
vt 0.846612 0.772811
vt 0.865640 0.789959
vt 0.141377 0.444089
vt 0.123075 0.396663
vt 0.130062 0.385409
vt 0.193433 0.871898
vt 0.182424 0.844895
vt 0.166949 0.140633
vt 0.168394 0.098889
vt 0.168394 0.170984
vt 0.123076 0.479748
vt 0.125505 0.481865
vt 0.472536 0.617745
vt 0.476120 0.612996
vt 0.303564 0.277202
vt 0.473986 0.632223
vt 0.460725 0.625704
vt 0.632314 0.837600
vt 0.353378 0.634667
vt 0.362255 0.666577
vt 0.277918 0.202399
vt 0.295337 0.178897
vt 0.295337 0.222798
vt 0.355325 0.720698
vt 0.760371 0.610480
vt 0.659397 0.239882
vt 0.637193 0.223244
vt 0.668339 0.212783
vt 0.750211 0.024432
vt 0.643755 0.187444
vt 0.669508 0.160246
vt 0.730911 0.776420
vt 0.737047 0.795545
vt 0.722659 0.797928
vt 0.036279 0.850685
vt 0.630645 0.148312
vt 0.770540 0.884715
vt 0.534974 0.831829
vt 0.534974 0.865214
vt 0.497285 0.862881
vt 0.480772 0.856791
vt 0.516839 0.849393
vt 0.716321 0.750240
vt 0.716321 0.795337
vt 0.701194 0.772432
vt 0.653609 0.704218
vt 0.670777 0.712151
vt 0.666330 0.716748
vt 0.473104 0.862962
vt 0.493914 0.873431
vt 0.486441 0.877256
vt 0.674474 0.726349
vt 0.835566 0.304294
vt 0.686390 0.783690
vt 0.845566 0.224955
vt 0.608691 0.758505
vt 0.835515 0.253611
vt 0.391199 0.101017
vt 0.396373 0.098688
vt 0.396373 0.134715
vt 0.460283 0.785536
vt 0.516687 0.816062
vt 0.449000 0.787353
vt 0.323277 0.235860
vt 0.317241 0.239859
vt 0.314598 0.188731
vt 0.663544 0.037969
vt 0.642058 0.070080
vt 0.318898 0.259722
vt 0.314427 0.269430
vt 0.121762 0.426289
vt 0.121762 0.466321
vt 0.113887 0.443509
vt 0.378238 0.051803
vt 0.378238 0.076425
vt 0.374337 0.068280
vt 0.529409 0.718622
vt 0.024147 0.865384
vt 0.000181 0.810989
vt 0.014276 0.853879
vt 0.350849 0.545512
vt 0.040145 0.870466
vt 0.034200 0.861881
vt 0.000513 0.440802
vt 0.014249 0.435526
vt 0.014249 0.476684
vt 0.414361 0.579322
vt 0.668459 0.010843
vt 0.681347 0.016094
vt 0.418070 0.629477
vt 0.431255 0.625901
vt 0.339225 0.559221
vt 0.867990 0.280459
vt 0.878452 0.260744
vt 0.872585 0.282586
vt 0.379534 0.870466
vt 0.437793 0.082508
vt 0.472909 0.050303
vt 0.304835 0.095855
vt 0.481442 0.062678
vt 0.505581 0.090656
vt 0.515544 0.039064
vt 0.643014 0.637512
vt 0.633125 0.670336
vt 0.635387 0.650226
vt 0.638665 0.702592
vt 0.633688 0.704663
vt 0.690788 0.522261
vt 0.679688 0.519990
vt 0.066396 0.935829
vt 0.057930 0.959845
vt 0.055035 0.954834
vt 0.079089 0.940867
vt 0.099741 0.794098
vt 0.064974 0.787580
vt 0.679688 0.468006
vt 0.806264 0.661166
vt 0.086671 0.721685
vt 0.211140 0.274098
vt 0.199304 0.305699
vt 0.199304 0.222562
vt 0.066171 0.705857
vt 0.531088 0.735619
vt 0.511753 0.779474
vt 0.512123 0.734087
vt 0.077814 0.674312
vt 0.530361 0.774293
vt 0.531088 0.788860
vt 0.290024 0.048450
vt 0.324422 0.048450
vt 0.590683 0.681829
vt 0.408074 0.757706
vt 0.600474 0.723572
vt 0.616091 0.728655
vt 0.390559 0.772021
vt 0.625647 0.740932
vt 0.862694 0.294470
vt 0.165961 0.778931
vt 0.115714 0.833004
vt 0.137413 0.843004
vt 0.082532 0.889555
vt 0.125914 0.870479
vt 0.165362 0.871905
vt 0.137454 0.597765
vt 0.147708 0.679279
vt 0.131186 0.658783
vt 0.622376 0.583120
vt 0.619676 0.562712
vt 0.169604 0.629589
vt 0.092695 0.294900
vt 0.110104 0.250488
vt 0.110104 0.313472
vt 0.190116 0.654497
vt 0.143888 0.679130
vt 0.309305 0.536709
vt 0.334943 0.526997
vt 0.239948 0.541222
vt 0.257455 0.611646
vt 0.248737 0.636223
vt 0.277648 0.603581
vt 0.686529 0.680663
vt 0.686528 0.711311
vt 0.674035 0.689816
vt 0.678781 0.709852
vt 0.715494 0.373138
vt 0.180448 0.277265
vt 0.172558 0.280931
vt 0.178565 0.235821
vt 0.406046 0.439681
vt 0.186445 0.280479
vt 0.193608 0.265301
vt 0.198187 0.305699
vt 0.629165 0.344587
vt 0.630485 0.363366
vt 0.621031 0.348396
vt 0.615340 0.339761
vt 0.627213 0.329475
vt 0.634995 0.337349
vt 0.162345 0.046210
vt 0.168394 0.037427
vt 0.167828 0.075130
vt 0.849608 0.708173
vt 0.863425 0.713936
vt 0.848020 0.725400
vt 0.547927 0.040155
vt 0.548842 0.850420
vt 0.537243 0.830943
vt 0.569749 0.834797
vt 0.363395 0.160723
vt 0.572539 0.870466
vt 0.845541 0.755999
vt 0.770450 0.695652
vt 0.205474 0.881969
vt 0.182424 0.892487
vt 0.844158 0.782798
vt 0.825297 0.761877
vt 0.746377 0.761321
vt 0.757772 0.808290
vt 0.740365 0.796579
vt 0.510363 0.378865
vt 0.506648 0.404145
vt 0.495628 0.397370
vt 0.736061 0.755173
vt 0.042470 0.800518
vt 0.723412 0.453047
vt 0.743523 0.494866
vt 0.723412 0.512953
vt 0.573791 0.865285
vt 0.573791 0.807814
vt 0.613990 0.863770
vt 0.258208 0.703388
vt 0.318053 0.714393
vt 0.002591 0.741414
vt 0.000596 0.756477
vt 0.000596 0.701289
vt 0.306716 0.709791
vt 0.298889 0.685602
vt 0.306551 0.668779
vt 0.319560 0.672368
vt 0.296731 0.667224
vt 0.295144 0.666649
vt 0.117876 0.518095
vt 0.098306 0.553109
vt 0.095129 0.518095
vt 0.302051 0.596852
vt 0.325939 0.636279
vt 0.313353 0.614977
vt 0.335981 0.620976
vt 0.420575 0.796546
vt 0.406798 0.796067
vt 0.091969 0.412692
vt 0.082284 0.417099
vt 0.079734 0.399776
vt 0.411931 0.479617
vt 0.451993 0.547196
vt 0.085858 0.357754
vt 0.074065 0.398047
vt 0.414345 0.151928
vt 0.420016 0.160622
vt 0.462195 0.549441
vt 0.474093 0.567634
vt 0.689848 0.680381
vt 0.705959 0.657844
vt 0.700451 0.688595
vt 0.705197 0.708318
vt 0.705959 0.753886
vt 0.698056 0.746293
vt 0.877331 0.775120
vt 0.879534 0.766398
vt 0.879534 0.813472
vt 0.451771 0.870570
vt 0.243523 0.428756
vt 0.236935 0.400079
vt 0.243523 0.386574
vt 0.461991 0.856150
vt 0.057407 0.139645
vt 0.058652 0.170985
vt 0.108639 0.443005
vt 0.039565 0.211140
vt 0.039565 0.195545
vt 0.044041 0.203160
vt 0.000181 0.321244
vt 0.006716 0.276545
vt 0.165966 0.323131
vt 0.051419 0.149627
vt 0.475389 0.453142
vt 0.450376 0.453595
vt 0.770725 0.742276
vt 0.010363 0.723481
vt 0.010363 0.774611
vt 0.001522 0.759376
vt 0.541093 0.037408
vt 0.511658 0.722575
vt 0.422984 0.470649
vt 0.108914 0.035769
vt 0.113990 0.050661
vt 0.108914 0.068653
vt 0.515429 0.018944
vt 0.508328 0.000761
vt 0.000461 0.469651
vt 0.018528 0.501430
vt 0.010217 0.478171
vt 0.125648 0.743947
vt 0.230736 0.399314
vt 0.117164 0.189119
vt 0.117164 0.172093
vt 0.123009 0.181130
vt 0.179863 0.067358
vt 0.179863 0.051590
vt 0.183938 0.056160
vt 0.987875 0.285533
vt 0.975141 0.283987
vt 0.027186 0.463430
vt 0.884715 0.268013
vt 0.884715 0.314767
vt 0.876069 0.273253
vt 0.958985 0.012017
vt 0.666624 0.702685
vt 0.905339 0.943005
vt 0.449482 0.447059
vt 0.032010 0.044256
vt 0.490913 0.507396
vt 0.496340 0.512953
vt 0.008380 0.006960
vt 0.013178 0.000859
vt 0.835636 0.331931
vt 0.810577 0.334197
vt 0.613297 0.302641
vt 0.615181 0.281898
vt 0.051813 0.000875
vt 0.051813 0.023316
vt 0.048344 0.006787
vt 0.696317 0.203848
vt 0.704583 0.188693
vt 0.218912 0.763210
vt 0.206273 0.768135
vt 0.206273 0.718468
vt 0.064131 0.627095
vt 0.476887 0.569948
vt 0.132876 0.186721
vt 0.152133 0.200788
vt 0.665021 0.038279
vt 0.517697 0.390093
vt 0.498260 0.422280
vt 0.030546 0.028721
vt 0.038860 0.002466
vt 0.741230 0.128224
vt 0.786270 0.103324
vt 0.049286 0.209845
vt 0.037958 0.188119
vt 0.050881 0.173718
vt 0.390023 0.095870
vt 0.136931 0.583758
vt 0.428279 0.035743
vt 0.221607 0.282066
vt 0.460357 0.023420
vt 0.467617 0.025353
vt 0.409059 0.596919
vt 0.433455 0.611399
vt 0.391134 0.606302
vt 0.450260 0.595035
vt 0.035547 0.015971
vt 0.045337 0.000196
vt 0.045337 0.033679
vt 0.684154 0.743523
vt 0.157841 0.588744
vt 0.018057 0.795679
vt 0.028497 0.799223
vt 0.193005 0.143835
vt 0.190960 0.147046
vt 0.188327 0.122701
vt 0.327384 0.226285
vt 0.331606 0.216608
vt 0.326947 0.243523
vt 0.677488 0.160736
vt 0.676362 0.174870
vt 0.510671 0.282383
vt 0.419601 0.154691
vt 0.448186 0.217088
vt 0.436733 0.225389
vt 0.436733 0.198747
vt 0.793637 0.669089
vt 0.789904 0.363702
vt 0.782317 0.364588
vt 0.788084 0.335637
vt 0.330311 0.530513
vt 0.374352 0.816413
vt 0.426166 0.383420
vt 0.416906 0.373919
vt 0.426166 0.359745
vt 0.405735 0.133424
vt 0.397895 0.104813
vt 0.509005 0.084395
vt 0.677452 0.209845
vt 0.826425 0.833392
vt 0.180806 0.555954
vt 0.922516 0.055921
vt 0.075130 0.045337
vt 0.062482 0.018183
vt 0.075130 0.000429
vt 0.841547 0.034826
vt 0.341761 0.170086
vt 0.372601 0.673575
vt 0.372601 0.605946
vt 0.393782 0.643710
vt 0.855663 0.816630
vt 0.086788 0.809565
vt 0.080708 0.840673
vt 0.080708 0.793966
vt 0.174870 0.585492
vt 0.168394 0.090455
vt 0.229275 0.409197
vt 0.064602 0.218136
vt 0.564767 0.184324
vt 0.541885 0.238342
vt 0.555222 0.168767
vt 0.001007 0.875648
vt 0.001007 0.818001
vt 0.015544 0.864130
vt 0.420984 0.202073
vt 0.412930 0.189090
vt 0.412365 0.160018
vt 0.396889 0.202073
vt 0.143782 0.416832
vt 0.197299 0.737740
vt 0.204663 0.717699
vt 0.204663 0.769430
vt 0.093803 0.132252
vt 0.089142 0.136145
vt 0.092922 0.091168
vt 0.448013 0.769532
vt 0.487148 0.729696
vt 0.519430 0.711548
vt 0.298629 0.177151
vt 0.426626 0.184998
vt 0.426166 0.221503
vt 0.419404 0.214705
vt 0.074108 0.220207
vt 0.074108 0.206388
vt 0.081606 0.210867
vt 0.853200 0.675211
vt 0.788224 0.883449
vt 0.628954 0.211540
vt 0.717368 0.785553
vt 0.724158 0.781450
vt 0.730644 0.753033
vt 0.430670 0.249738
vt 0.433938 0.259486
vt 0.430670 0.288860
vt 0.081838 0.186529
vt 0.081838 0.171311
vt 0.084197 0.179451
vt 0.677649 0.708781
vt 0.174433 0.063304
vt 0.176166 0.078102
vt 0.169584 0.070668
vt 0.212821 0.042969
vt 0.218912 0.046726
vt 0.212821 0.058290
vt 0.862694 0.223869
vt 0.410326 0.285136
vt 0.050484 0.503146
vt 0.042496 0.486901
vt 0.331606 0.265062
vt 0.555784 0.005569
vt 0.387448 0.408901
vt 0.311371 0.273612
vt 0.523143 0.720887
vt 0.152850 0.503616
vt 0.148490 0.519430
vt 0.148490 0.489070
vt 0.349234 0.549731
vt 0.120466 0.678389
vt 0.165803 0.173575
vt 0.161386 0.160794
vt 0.165803 0.118117
vt 0.879534 0.248306
vt 0.122766 0.152842
vt 0.126943 0.172280
vt 0.119965 0.172280
vt 0.503701 0.222549
vt 0.503701 0.194590
vt 0.512953 0.208231
vt 0.500615 0.828167
vt 0.331170 0.542932
vt 0.879533 0.296632
vt 0.873566 0.295515
vt 0.689008 0.293363
vt 0.439370 0.069315
vt 0.632360 0.638374
vt 0.647668 0.609482
vt 0.623220 0.648046
vt 0.624227 0.656695
vt 0.647668 0.682582
vt 0.564767 0.105247
vt 0.564767 0.170984
vt 0.550057 0.134977
vt 0.083063 0.681962
vt 0.039345 0.690349
vt 0.782941 0.491564
vt 0.370466 0.050274
vt 0.674018 0.839093
vt 0.689119 0.850465
vt 0.674018 0.858707
vt 0.682627 0.886010
vt 0.487046 0.207592
vt 0.497409 0.194046
vt 0.497409 0.212435
vt 0.487369 0.189227
vt 0.627801 0.249229
vt 0.398413 0.513850
vt 0.400744 0.155457
vt 0.410622 0.172297
vt 0.400744 0.180052
vt 0.166091 0.252205
vt 0.163988 0.233164
vt 0.725389 0.422811
vt 0.412506 0.447933
vt 0.412968 0.476684
vt 0.419893 0.464484
vt 0.613297 0.367876
vt 0.424870 0.473815
vt 0.419412 0.470214
vt 0.647668 0.333823
vt 0.627915 0.346222
vt 0.185558 0.266230
vt 0.427461 0.279911
vt 0.198187 0.237109
vt 0.189073 0.220699
vt 0.572539 0.807228
vt 0.495628 0.358283
vt 0.748078 0.659844
vt 0.742063 0.678787
vt 0.740828 0.648686
vt 0.503690 0.343545
vt 0.735618 0.616186
vt 0.871762 0.265544
vt 0.862661 0.218514
vt 0.871761 0.207802
vt 0.435043 0.633374
vt 0.461140 0.632725
vt 0.450747 0.645369
vt 0.461140 0.663212
vt 0.432562 0.644711
vt 0.124352 0.231758
vt 0.124352 0.275907
vt 0.111176 0.270923
vt 0.124020 0.180112
vt 0.129534 0.173026
vt 0.129534 0.183938
vt 0.681347 0.253886
vt 0.786269 0.122049
vt 0.777348 0.161917
vt 0.777348 0.116253
vt 0.773379 0.768730
vt 0.777756 0.762177
vt 0.779793 0.781117
vt 0.020725 0.481597
vt 0.015350 0.488342
vt 0.015350 0.459609
vt 0.410360 0.140010
vt 0.690443 0.743202
vt 0.005181 0.425567
vt 0.000383 0.430052
vt 0.000383 0.393500
vt 0.353327 0.131870
vt 0.874009 0.767258
vt 0.489184 0.138252
vt 0.494819 0.164561
vt 0.489184 0.169689
vt 0.424538 0.884715
vt 0.449204 0.865475
vt 0.356690 0.637306
vt 0.169246 0.051325
vt 0.177461 0.044735
vt 0.177461 0.064767
vt 0.060881 0.158654
vt 0.002917 0.455996
vt 0.408346 0.204275
vt 0.389896 0.497396
vt 0.371762 0.080311
vt 0.345923 0.072984
vt 0.371762 0.053985
vt 0.529091 0.280419
vt 0.558444 0.274371
vt 0.481378 0.304908
vt 0.978676 0.239293
vt 0.248391 0.897668
vt 0.187276 0.387219
vt 0.221503 0.411792
vt 0.210963 0.433938
vt 0.210963 0.392603
vt 0.155440 0.580311
vt 0.428279 0.066062
vt 0.145588 0.529770
vt 0.181835 0.455513
vt 0.192911 0.302968
vt 0.632124 0.249567
vt 0.463443 0.803831
vt 0.472798 0.837151
vt 0.463443 0.851036
vt 0.503886 0.604333
vt 0.142487 0.000639
vt 0.142487 0.045337
vt 0.132492 0.010731
vt 0.141211 0.182851
vt 0.475389 0.744472
vt 0.182643 0.572091
vt 0.179003 0.572881
vt 0.172215 0.550728
vt 0.160319 0.411964
vt 0.189751 0.177853
vt 0.192842 0.184950
vt 0.147032 0.163000
vt 0.154145 0.156386
vt 0.154145 0.176166
vt 0.090674 0.443005
vt 0.084930 0.433409
vt 0.090674 0.417483
vt 0.678756 0.469602
vt 0.179381 0.133769
vt 0.074571 0.204006
vt 0.084197 0.194900
vt 0.084197 0.211140
vt 0.612251 0.276306
vt 0.000183 0.084525
vt 0.005181 0.101324
vt 0.000183 0.150259
vt 0.909326 0.419115
vt 0.776387 0.668673
vt 0.803568 0.304384
vt 0.104922 0.049867
vt 0.104922 0.059585
vt 0.099528 0.053070
vt 0.872617 0.436529
vt 0.904921 0.045859
vt 0.910167 0.029370
vt 0.893936 0.704969
vt 0.559549 0.161472
vt 0.066557 0.100130
vt 0.443005 0.486297
vt 0.443005 0.520725
vt 0.430086 0.500582
vt 0.869792 0.809365
vt 0.866719 0.818078
vt 0.095855 0.160622
vt 0.891192 0.831606
vt 0.103627 0.136591
vt 0.097435 0.163212
vt 0.097435 0.077515
vt 0.095855 0.080664
vt 0.210608 0.366945
vt 0.541885 0.124006
vt 0.427182 0.212435
vt 0.435233 0.209303
vt 0.106218 0.021570
vt 0.100477 0.023316
vt 0.100477 0.014503
vt 0.313471 0.208943
vt 0.156652 0.172846
vt 0.156076 0.163212
vt 0.156076 0.146453
vt 0.160622 0.157721
vt 0.343166 0.246114
vt 0.343166 0.221984
vt 0.348446 0.236893
vt 0.779793 0.290722
vt 0.734326 0.757418
vt 0.737047 0.744785
vt 0.049989 0.809835
vt 0.520900 0.845029
vt 0.125648 0.425459
vt 0.125648 0.462435
vt 0.123561 0.437178
vt 0.516839 0.896373
vt 0.182643 0.073436
vt 0.182643 0.090674
vt 0.175183 0.081903
vt 0.319237 0.171913
vt 0.486256 0.808983
vt 0.020573 0.000070
vt 0.028497 0.016483
vt 0.020573 0.033679
vt 0.045337 0.866529
vt 0.273181 0.157524
vt 0.212435 0.453228
vt 0.207233 0.454663
vt 0.207233 0.425721
vt 0.207254 0.498705
vt 0.204390 0.470706
vt 0.207254 0.458225
vt 0.865170 0.321722
vt 0.863107 0.298124
vt 0.869171 0.319051
vt 0.869171 0.343264
vt 0.675546 0.291434
vt 0.901305 0.644852
vt 0.704663 0.504091
vt 0.131122 0.880855
vt 0.694599 0.362138
vt 0.707254 0.354523
vt 0.707254 0.423575
vt 0.696425 0.347888
vt 0.163431 0.676374
vt 0.387880 0.545337
vt 0.182643 0.220960
vt 0.182643 0.303109
vt 0.000065 0.603627
vt 0.000065 0.565978
vt 0.007772 0.582340
vt 0.448187 0.219920
vt 0.448187 0.243523
vt 0.433692 0.228978
vt 0.424296 0.295337
vt 0.353262 0.166384
vt 0.757772 0.716484
vt 0.498065 0.309180
vt 0.298840 0.647111
vt 0.378041 0.459884
vt 0.384715 0.448587
vt 0.384715 0.480570
vt 0.061801 0.089504
vt 0.066062 0.094272
vt 0.061801 0.111399
vt 0.348429 0.487047
vt 0.348429 0.457901
vt 0.353627 0.463439
vt 0.250000 0.653563
vt 0.240711 0.677683
vt 0.083358 0.033679
vt 0.083358 0.000407
vt 0.088083 0.005117
vt 0.020599 0.454447
vt 0.079425 0.309127
vt 0.435279 0.158829
vt 0.437824 0.151394
vt 0.691004 0.749941
vt 0.366587 0.503963
vt 0.549223 0.268135
vt 0.336146 0.617030
vt 0.117876 0.103689
vt 0.355435 0.536269
vt 0.018484 0.498152
vt 0.126943 0.183749
vt 0.504036 0.512326
vt 0.643630 0.487658
vt 0.660622 0.536272
vt 0.643630 0.555699
vt 0.651114 0.738262
vt 0.655440 0.714716
vt 0.655440 0.760362
vt 0.144113 0.460986
vt 0.188327 0.202073
vt 0.079572 0.852954
vt 0.090674 0.795062
vt 0.090674 0.853627
vt 0.135309 0.444868
vt 0.034974 0.151554
vt 0.032064 0.147631
vt 0.034974 0.141024
vt 0.169584 0.081606
vt 0.700571 0.862073
vt 0.314427 0.170228
vt 0.091969 0.157082
vt 0.085419 0.202073
vt 0.085419 0.123393
vt 0.575784 0.000870
vt 0.211648 0.025937
vt 0.217617 0.037522
vt 0.211648 0.041451
vt 0.512312 0.719711
vt 0.866046 0.286374
vt 0.858223 0.334288
vt 0.507486 0.226684
vt 0.681552 0.550518
vt 0.107513 0.058290
vt 0.102448 0.031764
vt 0.107513 0.025076
vt 0.165803 0.205959
vt 0.159201 0.204037
vt 0.165803 0.193310
vt 0.184295 0.088083
vt 0.184295 0.071418
vt 0.195596 0.077138
vt 0.235624 0.066538
vt 0.247409 0.066161
vt 0.247409 0.080311
vt 0.883420 0.260363
vt 0.873697 0.218811
vt 0.883420 0.213526
vt 0.185607 0.247466
vt 0.773379 0.808290
vt 0.347150 0.208689
vt 0.340478 0.225389
vt 0.340478 0.198415
vt 0.465026 0.243493
vt 0.452177 0.243523
vt 0.452177 0.221507
vt 0.162345 0.007656
vt 0.085951 0.389681
vt 0.124206 0.018310
vt 0.129534 0.009384
vt 0.129534 0.019430
vt 0.091969 0.295809
vt 0.469348 0.569948
vt 0.374308 0.547337
vt 0.493514 0.132341
vt 0.032251 0.251295
vt 0.862694 0.416662
vt 0.367876 0.598055
vt 0.367876 0.636010
vt 0.358054 0.629223
s 1
g tree2_tree2
usemtl tree2
f 6/1/6 4/2/4 5/3/5
f 18/4/18 14/5/14 15/6/15
f 23/7/23 9/8/9 10/9/10
f 102/10/102 10/11/10 19/12/19
f 22/13/22 21/14/21 24/15/24
f 32/16/32 31/17/31 29/18/29
f 41/19/41 34/20/34 37/21/37
f 40/22/40 35/23/35 36/24/36
f 45/25/45 37/26/37 52/27/52
f 46/28/46 39/29/39 38/30/38
f 42/31/42 43/32/43 40/33/40
f 44/34/44 38/35/38 43/32/43
f 178/36/178 181/37/181 51/38/51
f 48/39/48 54/40/54 38/30/38
f 60/41/60 52/27/52 56/42/56
f 53/43/53 47/44/47 58/45/58
f 58/46/58 47/47/47 60/48/60
f 57/49/57 53/43/53 58/45/58
f 50/50/50 57/49/57 55/51/55
f 61/52/61 63/53/63 190/54/190
f 61/55/61 190/56/190 66/57/66
f 190/56/190 65/58/65 66/57/66
f 67/59/67 70/60/70 69/61/69
f 178/62/178 70/63/70 67/64/67
f 205/65/205 67/64/67 69/66/69
f 205/65/205 69/66/69 68/67/68
f 77/68/77 72/69/72 152/70/152
f 79/71/79 150/72/150 59/73/59
f 75/74/75 149/75/149 79/76/79
f 78/77/78 149/75/149 75/74/75
f 6/1/6 7/78/7 84/79/84
f 89/80/89 19/81/19 85/82/85
f 13/83/13 20/84/20 96/85/96
f 16/86/16 85/87/85 90/88/90
f 90/88/90 88/89/88 95/90/95
f 105/91/105 92/92/92 16/93/16
f 22/13/22 24/15/24 381/94/381
f 106/95/106 120/96/120 121/97/121
f 106/95/106 121/97/121 109/98/109
f 116/99/116 56/42/56 54/100/54
f 117/101/117 56/102/56 120/103/120
f 57/49/57 115/104/115 119/105/119
f 55/51/55 119/105/119 122/106/122
f 115/104/115 118/107/118 125/108/125
f 119/105/119 125/108/125 126/109/126
f 123/110/123 135/111/135 128/112/128
f 125/108/125 124/113/124 126/109/126
f 129/114/129 128/112/128 135/111/135
f 134/115/134 129/114/129 135/111/135
f 127/116/127 129/114/129 131/117/131
f 131/117/131 129/114/129 160/118/160
f 127/119/127 133/120/133 124/121/124
f 129/122/129 138/123/138 160/124/160
f 131/125/131 136/126/136 127/119/127
f 126/127/126 145/128/145 268/129/268
f 138/123/138 134/130/134 141/131/141
f 139/132/139 135/111/135 112/133/112
f 137/134/137 136/126/136 140/135/140
f 145/136/145 126/137/126 133/120/133
f 145/136/145 133/120/133 137/134/137
f 139/132/139 112/133/112 111/138/111
f 145/128/145 137/139/137 144/140/144
f 147/141/147 146/142/146 140/143/140
f 146/144/146 144/140/144 140/145/140
f 163/146/163 147/141/147 140/143/140
f 144/140/144 137/139/137 140/145/140
f 147/147/147 443/148/443 437/149/437
f 151/150/151 74/151/74 148/152/148
f 76/153/76 150/72/150 148/154/148
f 79/71/79 149/155/149 150/72/150
f 74/156/74 151/157/151 153/158/153
f 148/154/148 150/72/150 155/159/155
f 149/155/149 155/159/155 150/72/150
f 154/160/154 155/159/155 149/155/149
f 157/161/157 154/162/154 153/163/153
f 158/164/158 130/165/130 161/166/161
f 160/124/160 159/167/159 162/168/162
f 164/169/164 162/168/162 159/167/159
f 167/170/167 165/171/165 161/172/161
f 167/173/167 161/174/161 162/175/162
f 166/176/166 167/173/167 162/175/162
f 443/148/443 164/177/164 143/178/143
f 163/179/163 443/148/443 147/147/147
f 445/180/445 166/181/166 164/169/164
f 446/182/446 165/183/165 167/184/167
f 166/181/166 447/185/447 448/186/448
f 167/187/167 166/188/166 448/189/448
f 171/190/171 174/191/174 170/192/170
f 179/193/179 194/194/194 188/195/188
f 179/193/179 183/196/183 194/194/194
f 180/197/180 183/198/183 179/199/179
f 183/196/183 182/200/182 181/37/181
f 183/196/183 259/201/259 182/200/182
f 184/202/184 259/203/259 183/198/183
f 116/204/116 54/40/54 48/39/48
f 185/205/185 48/39/48 259/201/259
f 81/206/81 186/207/186 189/208/189
f 192/209/192 189/208/189 187/210/187
f 196/211/196 193/212/193 66/213/66
f 195/214/195 188/195/188 194/194/194
f 207/215/207 199/216/199 200/217/200
f 202/218/202 200/219/200 201/220/201
f 204/221/204 194/194/194 178/36/178
f 180/197/180 179/199/179 198/222/198
f 180/197/180 198/222/198 199/216/199
f 207/223/207 200/219/200 202/218/202
f 192/224/192 197/225/197 208/226/208
f 199/216/199 209/227/209 180/197/180
f 203/228/203 210/229/210 207/215/207
f 211/230/211 196/211/196 66/213/66
f 208/226/208 197/225/197 196/211/196
f 214/231/214 211/232/211 206/233/206
f 196/211/196 211/230/211 215/234/215
f 184/202/184 180/197/180 209/227/209
f 210/229/210 218/235/218 212/236/212
f 214/237/214 206/238/206 213/239/213
f 211/240/211 214/241/214 215/242/215
f 212/243/212 216/244/216 214/245/214
f 236/246/236 216/244/216 218/247/218
f 221/248/221 220/249/220 219/250/219
f 221/248/221 75/74/75 79/76/79
f 202/218/202 222/251/222 224/252/224
f 223/253/223 225/254/225 226/255/226
f 203/256/203 202/218/202 224/252/224
f 228/257/228 223/253/223 227/258/227
f 224/259/224 229/260/229 203/228/203
f 229/260/229 210/229/210 203/228/203
f 229/261/229 232/262/232 231/263/231
f 237/264/237 236/265/236 210/229/210
f 233/266/233 208/226/208 234/267/234
f 238/268/238 236/265/236 237/264/237
f 244/269/244 223/253/223 245/270/245
f 247/271/247 248/272/248 229/260/229
f 247/271/247 249/273/249 248/272/248
f 175/274/175 384/275/384 171/276/171
f 174/191/174 643/277/643 644/278/644
f 252/279/252 251/280/251 250/281/250
f 254/282/254 109/283/109 251/280/251
f 255/284/255 254/282/254 252/279/252
f 254/285/254 114/286/114 109/98/109
f 253/287/253 255/284/255 252/279/252
f 258/288/258 260/289/260 220/249/220
f 261/290/261 259/203/259 184/202/184
f 122/106/122 257/291/257 55/51/55
f 263/292/263 185/205/185 259/201/259
f 261/290/261 263/293/263 259/203/259
f 262/294/262 258/288/258 266/295/266
f 264/296/264 265/297/265 260/298/260
f 121/97/121 185/205/185 263/292/263
f 250/281/250 263/293/263 261/290/261
f 264/299/264 262/294/262 269/300/269
f 267/301/267 250/281/250 261/290/261
f 250/281/250 251/280/251 263/293/263
f 270/302/270 267/301/267 261/290/261
f 268/129/268 269/300/269 266/295/266
f 279/303/279 250/304/250 271/305/271
f 271/305/271 276/306/276 281/307/281
f 269/300/269 268/129/268 145/128/145
f 277/308/277 264/299/264 284/309/284
f 277/308/277 284/309/284 695/310/695
f 279/311/279 253/287/253 252/279/252
f 284/309/284 269/300/269 695/310/695
f 285/312/285 300/313/300 293/314/293
f 285/312/285 293/314/293 278/315/278
f 296/316/296 291/317/291 298/318/298
f 277/308/277 695/310/695 299/319/299
f 285/312/285 277/308/277 299/319/299
f 310/320/310 314/321/314 311/322/311
f 313/323/313 318/324/318 319/325/319
f 322/326/322 240/327/240 242/328/242
f 242/329/242 320/330/320 324/331/324
f 321/332/321 323/333/323 238/334/238
f 239/335/239 241/336/241 323/333/323
f 325/337/325 321/338/321 322/339/322
f 332/340/332 330/341/330 328/342/328
f 339/343/339 336/344/336 334/345/334
f 340/346/340 339/343/339 341/347/341
f 347/348/347 345/349/345 336/344/336
f 327/350/327 342/351/342 396/352/396
f 348/353/348 347/348/347 340/346/340
f 344/354/344 351/355/351 329/356/329
f 348/357/348 340/358/340 353/359/353
f 352/360/352 333/361/333 332/362/332
f 402/363/402 350/364/350 333/365/333
f 354/366/354 353/359/353 340/358/340
f 353/359/353 351/367/351 348/357/348
f 402/368/402 333/361/333 355/369/355
f 359/370/359 353/359/353 354/366/354
f 356/371/356 352/360/352 357/372/357
f 362/373/362 358/374/358 359/370/359
f 363/375/363 360/376/360 365/377/365
f 374/378/374 362/373/362 359/370/359
f 366/379/366 362/373/362 374/378/374
f 383/380/383 104/381/104 92/92/92
f 92/382/92 382/383/382 383/384/383
f 98/385/98 385/386/385 100/387/100
f 389/388/389 103/389/103 95/90/95
f 384/275/384 335/390/335 334/345/334
f 389/388/389 390/391/390 103/389/103
f 385/386/385 386/392/386 100/387/100
f 385/386/385 98/385/98 381/94/381
f 381/94/381 337/393/337 388/394/388
f 95/395/95 101/396/101 393/397/393
f 95/395/95 393/397/393 417/398/417
f 390/391/390 105/399/105 103/389/103
f 388/394/388 392/400/392 385/386/385
f 387/401/387 101/396/101 386/402/386
f 388/403/388 338/404/338 397/405/397
f 382/406/382 390/407/390 650/408/650
f 395/409/395 346/410/346 399/411/399
f 401/412/401 399/411/399 404/413/404
f 392/400/392 404/414/404 400/415/400
f 398/416/398 387/401/387 400/417/400
f 398/416/398 400/417/400 404/418/404
f 398/416/398 404/418/404 410/419/410
f 405/420/405 406/421/406 407/422/407
f 412/423/412 398/416/398 410/419/410
f 408/424/408 398/416/398 412/423/412
f 409/425/409 356/426/356 372/427/372
f 413/428/413 408/424/408 412/423/412
f 108/429/108 420/430/420 415/431/415
f 415/431/415 420/430/420 416/432/416
f 418/433/418 417/434/417 393/435/393
f 113/436/113 417/434/417 418/433/418
f 421/437/421 416/432/416 420/430/420
f 415/438/415 425/439/425 423/440/423
f 421/437/421 430/441/430 427/442/427
f 441/443/441 426/444/426 428/445/428
f 393/397/393 398/416/398 430/441/430
f 429/446/429 425/447/425 430/441/430
f 428/445/428 426/444/426 431/448/431
f 430/441/430 398/416/398 414/449/414
f 398/416/398 408/424/408 414/449/414
f 435/450/435 506/451/506 432/452/432
f 433/453/433 506/451/506 436/454/436
f 142/455/142 438/456/438 440/457/440
f 440/458/440 438/459/438 439/460/439
f 441/443/441 440/458/440 439/460/439
f 442/461/442 144/140/144 440/458/440
f 426/444/426 439/460/439 423/462/423
f 441/443/441 439/460/439 426/444/426
f 446/182/446 444/463/444 163/146/163
f 449/464/449 167/187/167 448/189/448
f 473/465/473 447/185/447 451/466/451
f 452/467/452 450/468/450 446/469/446
f 454/470/454 455/471/455 453/472/453
f 449/464/449 448/189/448 466/473/466
f 475/474/475 468/475/468 474/476/474
f 470/477/470 468/478/468 475/479/475
f 456/480/456 475/474/475 473/481/473
f 477/482/477 475/474/475 456/480/456
f 477/483/477 456/484/456 457/485/457
f 489/486/489 485/487/485 488/488/488
f 493/489/493 491/490/491 572/491/572
f 494/492/494 498/493/498 495/494/495
f 496/495/496 495/496/495 499/497/499
f 409/498/409 372/499/372 375/500/375
f 503/501/503 502/502/502 505/503/505
f 739/504/739 502/505/502 504/506/504
f 376/507/376 380/508/380 639/509/639
f 434/510/434 532/511/532 506/451/506
f 436/454/436 506/451/506 512/512/512
f 434/513/434 508/514/508 526/515/526
f 436/454/436 512/512/512 533/516/533
f 514/517/514 513/518/513 530/519/530
f 516/520/516 530/521/530 523/522/523
f 517/523/517 523/524/523 530/525/530
f 512/526/512 525/527/525 523/522/523
f 535/528/535 508/514/508 527/529/527
f 528/530/528 527/529/527 510/531/510
f 528/530/528 542/532/542 527/529/527
f 540/533/540 524/534/524 522/535/522
f 532/536/532 523/522/523 525/527/525
f 533/537/533 540/533/540 534/538/534
f 539/539/539 538/540/538 541/541/541
f 540/542/540 546/543/546 534/544/534
f 546/545/546 539/539/539 541/541/541
f 546/543/546 548/546/548 534/544/534
f 548/547/548 546/545/546 526/515/526
f 553/548/553 527/529/527 542/532/542
f 765/549/765 554/550/554 545/551/545
f 542/532/542 554/552/554 553/548/553
f 547/553/547 552/554/552 554/550/554
f 534/555/534 568/556/568 549/557/549
f 568/556/568 569/558/569 549/557/549
f 563/559/563 543/560/543 549/557/549
f 567/561/567 564/562/564 566/563/566
f 558/564/558 561/565/561 566/566/566
f 568/567/568 551/568/551 572/491/572
f 574/569/574 569/558/569 567/570/567
f 576/571/576 563/559/563 569/558/569
f 562/572/562 581/573/581 579/574/579
f 555/575/555 562/572/562 553/548/553
f 569/558/569 574/569/574 576/571/576
f 578/576/578 572/577/572 579/574/579
f 579/574/579 572/577/572 551/578/551
f 574/579/574 573/580/573 582/581/582
f 584/582/584 552/554/552 570/583/570
f 587/584/587 585/585/585 582/581/582
f 555/586/555 583/587/583 582/581/582
f 584/588/584 570/589/570 591/590/591
f 462/591/462 463/592/463 592/593/592
f 592/594/592 463/595/463 461/596/461
f 462/597/462 592/598/592 461/599/461
f 604/600/604 597/601/597 595/602/595
f 575/603/575 598/604/598 555/575/555
f 576/605/576 588/606/588 590/607/590
f 602/608/602 605/609/605 589/610/589
f 645/611/645 607/612/607 176/613/176
f 608/614/608 341/347/341 335/390/335
f 612/615/612 608/616/608 610/617/610
f 612/615/612 611/618/611 608/616/608
f 611/619/611 613/620/613 609/621/609
f 614/622/614 615/623/615 612/624/612
f 655/625/655 615/623/615 614/622/614
f 616/626/616 613/620/613 615/623/615
f 616/626/616 618/627/618 613/620/613
f 618/627/618 623/628/623 613/620/613
f 367/629/367 354/366/354 623/630/623
f 628/631/628 367/629/367 624/632/624
f 629/633/629 624/634/624 625/635/625
f 667/636/667 630/637/630 626/638/626
f 632/639/632 631/640/631 628/641/628
f 635/642/635 377/643/377 367/629/367
f 636/644/636 635/645/635 633/646/633
f 634/647/634 637/648/637 636/644/636
f 640/649/640 378/650/378 636/644/636
f 380/651/380 378/652/378 638/653/638
f 759/654/759 639/655/639 641/656/641
f 641/656/641 639/655/639 642/657/642
f 641/658/641 642/659/642 640/660/640
f 647/661/647 646/662/646 391/663/391
f 644/664/644 610/665/610 645/611/645
f 647/661/647 391/663/391 650/666/650
f 649/667/649 650/668/650 390/669/390
f 653/670/653 610/617/610 647/661/647
f 614/671/614 612/615/612 653/670/653
f 656/672/656 655/673/655 654/674/654
f 659/675/659 617/676/617 658/677/658
f 658/677/658 655/678/655 661/679/661
f 667/680/667 659/681/659 665/682/665
f 663/683/663 666/684/666 669/685/669
f 673/686/673 114/286/114 254/285/254
f 670/687/670 673/686/673 254/285/254
f 673/686/673 394/688/394 114/286/114
f 673/686/673 652/689/652 394/688/394
f 670/687/670 683/690/683 673/686/673
f 677/691/677 674/692/674 678/693/678
f 683/690/683 652/689/652 673/686/673
f 678/693/678 683/694/683 677/691/677
f 676/695/676 428/445/428 684/696/684
f 684/696/684 428/445/428 431/448/431
f 686/697/686 680/698/680 687/699/687
f 684/696/684 685/700/685 676/695/676
f 685/700/685 684/696/684 688/701/688
f 696/702/696 693/703/693 301/704/301
f 302/705/302 298/706/298 694/707/694
f 269/300/269 428/445/428 695/310/695
f 145/128/145 428/445/428 269/300/269
f 299/319/299 695/310/695 672/708/672
f 692/709/692 697/710/697 700/711/700
f 702/712/702 696/713/696 694/714/694
f 697/715/697 699/716/699 701/717/701
f 702/718/702 700/711/700 705/719/705
f 704/720/704 699/716/699 713/721/713
f 704/720/704 713/721/713 714/722/714
f 716/723/716 712/724/712 711/725/711
f 716/726/716 714/727/714 717/728/717
f 719/729/719 168/730/168 449/731/449
f 720/732/720 719/729/719 722/733/722
f 466/734/466 467/735/467 722/736/722
f 728/737/728 720/732/720 722/733/722
f 728/737/728 722/733/722 726/738/726
f 732/739/732 727/740/727 724/741/724
f 720/742/720 728/743/728 477/744/477
f 733/745/733 735/746/735 736/747/736
f 669/685/669 737/748/737 668/749/668
f 745/750/745 744/751/744 748/752/748
f 504/506/504 503/753/503 740/754/740
f 756/755/756 747/756/747 752/757/752
f 748/752/748 747/756/747 756/755/756
f 748/752/748 742/758/742 747/756/747
f 756/755/756 750/759/750 746/760/746
f 505/761/505 376/762/376 758/763/758
f 757/764/757 746/765/746 750/766/750
f 757/767/757 758/763/758 759/654/759
f 764/768/764 762/769/762 688/770/688
f 761/771/761 764/772/764 511/773/511
f 763/774/763 528/775/528 760/776/760
f 764/772/764 761/771/761 765/549/765
f 763/774/763 762/769/762 764/768/764
f 544/777/544 528/775/528 763/774/763
f 775/778/775 602/779/602 589/780/589
f 776/781/776 599/782/599 774/783/774
f 781/784/781 602/779/602 780/785/780
f 774/783/774 603/786/603 782/787/782
f 785/788/785 784/789/784 786/790/786
f 9/8/9 21/14/21 2/791/2
f 11/792/11 2/793/2 12/794/12
f 1/795/1 11/796/11 3/797/3
f 18/4/18 17/798/17 14/5/14
f 19/12/19 10/11/10 3/799/3
f 14/800/14 17/801/17 20/84/20
f 20/84/20 17/801/17 91/802/91
f 12/794/12 2/793/2 22/803/22
f 33/804/33 28/805/28 30/806/30
f 30/806/30 35/23/35 33/804/33
f 29/807/29 31/808/31 30/809/30
f 35/23/35 30/806/30 36/24/36
f 29/18/29 28/810/28 32/16/32
f 34/811/34 33/812/33 37/813/37
f 37/814/37 33/804/33 35/23/35
f 41/815/41 32/816/32 34/817/34
f 41/818/41 31/819/31 32/820/32
f 35/23/35 39/29/39 37/814/37
f 40/33/40 36/821/36 31/808/31
f 37/26/37 39/822/39 52/27/52
f 31/823/31 41/19/41 42/824/42
f 35/23/35 38/30/38 39/29/39
f 47/825/47 42/824/42 41/19/41
f 45/826/45 47/825/47 41/19/41
f 54/40/54 46/28/46 38/30/38
f 53/43/53 50/50/50 43/827/43
f 50/50/50 51/828/51 49/829/49
f 178/62/178 51/828/51 70/63/70
f 47/44/47 53/43/53 42/830/42
f 70/63/70 51/828/51 55/51/55
f 51/828/51 50/50/50 55/51/55
f 62/831/62 63/53/63 61/52/61
f 64/832/64 186/833/186 83/834/83
f 61/835/61 64/832/64 80/836/80
f 193/837/193 64/832/64 66/838/66
f 68/67/68 206/839/206 205/65/205
f 74/840/74 68/841/68 69/842/69
f 72/843/72 68/844/68 74/845/74
f 76/846/76 69/61/69 70/60/70
f 73/847/73 150/72/150 70/848/70
f 77/68/77 71/849/71 72/69/72
f 73/847/73 59/73/59 150/72/150
f 77/850/77 78/77/78 75/74/75
f 75/74/75 71/851/71 77/850/77
f 74/852/74 152/70/152 72/69/72
f 26/853/26 80/836/80 82/854/82
f 83/834/83 82/854/82 80/836/80
f 83/834/83 80/836/80 64/832/64
f 11/796/11 19/855/19 3/797/3
f 89/856/89 85/857/85 15/858/15
f 85/87/85 16/86/16 15/859/15
f 86/860/86 93/861/93 6/862/6
f 19/81/19 89/80/89 96/863/96
f 85/82/85 19/81/19 88/864/88
f 91/865/91 18/866/18 16/93/16
f 8/867/8 93/868/93 7/869/7
f 94/870/94 86/871/86 84/872/84
f 95/395/95 86/873/86 94/874/94
f 90/88/90 85/87/85 88/89/88
f 97/875/97 96/85/96 20/84/20
f 20/876/20 91/865/91 97/877/97
f 16/86/16 90/88/90 105/399/105
f 99/878/99 7/869/7 98/385/98
f 100/387/100 99/878/99 98/385/98
f 101/396/101 84/79/84 99/879/99
f 23/880/23 102/10/102 25/881/25
f 92/92/92 104/381/104 97/877/97
f 105/399/105 90/88/90 103/389/103
f 22/13/22 381/94/381 98/385/98
f 94/874/94 84/79/84 101/396/101
f 25/882/25 24/15/24 23/7/23
f 334/883/334 25/882/25 102/884/102
f 103/389/103 90/88/90 95/90/95
f 102/885/102 97/877/97 334/886/334
f 108/429/108 107/887/107 106/888/106
f 110/889/110 132/890/132 108/891/108
f 110/889/110 108/891/108 111/892/111
f 111/893/111 112/894/112 110/895/110
f 106/95/106 113/436/113 418/433/418
f 109/98/109 114/286/114 113/436/113
f 60/896/60 115/104/115 58/45/58
f 55/51/55 57/49/57 119/105/119
f 117/101/117 115/104/115 60/896/60
f 120/96/120 56/897/56 116/204/116
f 118/107/118 115/104/115 117/101/117
f 120/96/120 116/204/116 121/97/121
f 118/107/118 117/101/117 123/898/123
f 119/105/119 115/104/115 125/108/125
f 123/898/123 117/101/117 120/103/120
f 107/899/107 120/96/120 106/95/106
f 120/103/120 107/900/107 123/898/123
f 118/107/118 123/898/123 124/113/124
f 125/108/125 118/107/118 124/113/124
f 112/894/112 123/898/123 107/900/107
f 124/901/124 123/110/123 128/112/128
f 124/901/124 128/112/128 127/116/127
f 130/902/130 131/117/131 160/118/160
f 133/120/133 126/137/126 124/121/124
f 138/123/138 129/122/129 134/130/134
f 130/903/130 158/904/158 131/125/131
f 131/125/131 158/904/158 136/126/136
f 141/905/141 134/115/134 135/111/135
f 139/132/139 141/905/141 135/111/135
f 133/120/133 136/126/136 137/134/137
f 142/906/142 138/123/138 141/131/141
f 143/907/143 138/123/138 142/906/142
f 139/908/139 419/909/419 141/910/141
f 442/461/442 145/128/145 144/140/144
f 142/911/142 437/149/437 143/178/143
f 142/455/142 141/910/141 419/909/419
f 438/456/438 142/455/142 419/909/419
f 443/148/443 143/178/143 437/149/437
f 146/144/146 147/147/147 437/149/437
f 74/912/74 76/913/76 148/914/148
f 153/915/153 152/70/152 74/852/74
f 149/75/149 78/77/78 154/916/154
f 78/77/78 152/917/152 154/916/154
f 152/70/152 153/915/153 154/918/154
f 159/167/159 160/124/160 138/123/138
f 159/167/159 138/123/138 143/907/143
f 163/146/163 140/143/140 158/919/158
f 165/183/165 158/919/158 161/920/161
f 143/907/143 164/169/164 159/167/159
f 158/919/158 165/183/165 163/146/163
f 166/181/166 162/168/162 164/169/164
f 170/192/170 173/921/173 171/190/171
f 174/922/174 176/613/176 170/923/170
f 607/924/607 173/925/173 176/926/176
f 178/36/178 194/194/194 181/37/181
f 44/927/44 181/37/181 182/200/182
f 44/927/44 182/200/182 48/39/48
f 180/197/180 184/202/184 183/198/183
f 259/201/259 48/39/48 182/200/182
f 185/205/185 116/204/116 48/39/48
f 55/928/55 257/929/257 59/930/59
f 221/248/221 257/931/257 258/288/258
f 63/53/63 188/195/188 195/214/195
f 189/932/189 188/195/188 63/53/63
f 189/208/189 186/207/186 187/210/187
f 195/933/195 190/934/190 63/935/63
f 187/936/187 186/833/186 191/937/191
f 65/58/65 190/56/190 204/938/204
f 179/193/179 188/195/188 198/939/198
f 199/940/199 198/941/198 189/208/189
f 202/218/202 201/220/201 225/942/225
f 204/943/204 195/944/195 194/945/194
f 193/837/193 196/946/196 191/937/191
f 197/947/197 187/210/187 191/948/191
f 196/211/196 197/225/197 191/949/191
f 201/950/201 192/224/192 208/226/208
f 200/219/200 192/951/192 201/220/201
f 203/256/203 207/223/207 202/218/202
f 204/952/204 178/62/178 67/64/67
f 204/952/204 205/65/205 65/953/65
f 205/65/205 204/952/204 67/64/67
f 66/213/66 65/953/65 206/839/206
f 192/209/192 187/210/187 197/947/197
f 199/216/199 207/215/207 209/227/209
f 205/65/205 206/839/206 65/953/65
f 206/839/206 211/230/211 66/213/66
f 207/215/207 212/236/212 209/227/209
f 210/229/210 212/236/212 207/215/207
f 218/235/218 210/229/210 236/265/236
f 214/241/214 216/954/216 215/242/215
f 184/202/184 209/227/209 220/955/220
f 209/956/209 217/957/217 220/249/220
f 209/227/209 212/236/212 217/958/217
f 218/247/218 216/244/216 212/243/212
f 206/839/206 68/67/68 71/959/71
f 71/851/71 213/960/213 206/961/206
f 219/250/219 71/851/71 75/74/75
f 221/248/221 219/250/219 75/74/75
f 257/931/257 221/248/221 79/76/79
f 257/962/257 79/71/79 59/73/59
f 244/269/244 222/963/222 223/253/223
f 222/251/222 202/218/202 225/942/225
f 223/253/223 222/963/222 225/254/225
f 227/258/227 223/253/223 226/255/226
f 228/964/228 227/965/227 230/966/230
f 225/254/225 201/950/201 208/226/208
f 226/255/226 225/254/225 233/266/233
f 227/965/227 226/967/226 232/968/232
f 230/966/230 227/965/227 232/968/232
f 229/260/229 230/969/230 232/970/232
f 229/260/229 248/272/248 230/969/230
f 233/266/233 225/254/225 208/226/208
f 231/971/231 226/972/226 233/973/233
f 231/974/231 232/975/232 226/976/226
f 216/977/216 208/226/208 215/234/215
f 216/977/216 239/978/239 208/226/208
f 234/267/234 208/226/208 239/978/239
f 242/328/242 233/979/233 234/980/234
f 235/981/235 233/979/233 242/328/242
f 235/981/235 242/328/242 240/327/240
f 236/982/236 241/336/241 216/983/216
f 237/984/237 235/985/235 238/986/238
f 236/982/236 238/334/238 241/336/241
f 243/987/243 177/988/177 247/271/247
f 246/989/246 243/987/243 247/271/247
f 222/251/222 244/990/244 246/991/246
f 246/989/246 229/260/229 224/259/224
f 383/384/383 643/277/643 171/190/171
f 121/97/121 263/292/263 251/992/251
f 121/97/121 251/992/251 109/98/109
f 255/284/255 670/993/670 254/282/254
f 221/248/221 258/288/258 220/249/220
f 122/994/122 258/288/258 257/931/257
f 184/202/184 260/298/260 261/290/261
f 258/288/258 262/294/262 260/289/260
f 116/204/116 185/205/185 121/97/121
f 262/294/262 264/299/264 260/289/260
f 266/295/266 258/288/258 122/994/122
f 266/295/266 122/994/122 119/995/119
f 126/109/126 266/996/266 119/105/119
f 269/300/269 262/294/262 266/295/266
f 265/297/265 270/302/270 261/290/261
f 284/309/284 264/299/264 269/300/269
f 250/304/250 267/997/267 271/305/271
f 274/998/274 273/999/273 272/1000/272
f 274/998/274 271/1001/271 273/999/273
f 276/306/276 274/1002/274 275/1003/275
f 281/307/281 279/303/279 271/305/271
f 278/315/278 270/1004/270 285/312/285
f 279/303/279 252/1005/252 250/304/250
f 280/1006/280 272/1007/272 278/1008/278
f 281/1009/281 282/1010/282 279/311/279
f 287/1011/287 290/1012/290 280/1013/280
f 288/1014/288 292/1015/292 289/1016/289
f 293/314/293 287/1017/287 278/315/278
f 286/1018/286 282/1010/282 288/1019/288
f 288/1020/288 293/314/293 286/1021/286
f 293/314/293 289/1022/289 287/1017/287
f 287/1011/287 289/1023/289 290/1012/290
f 291/1024/291 276/1025/276 275/1026/275
f 292/1027/292 276/1025/276 291/1024/291
f 317/1028/317 297/1029/297 296/1030/296
f 293/314/293 300/313/300 286/1021/286
f 290/1012/290 289/1023/289 294/1031/294
f 294/1032/294 289/1033/289 292/1034/292
f 292/1035/292 291/1036/291 296/1037/296
f 295/1038/295 292/1039/292 296/1040/296
f 296/316/296 298/318/298 317/1041/317
f 295/1042/295 296/1030/296 297/1029/297
f 286/1018/286 300/1043/300 282/1010/282
f 295/1044/295 319/1045/319 302/1046/302
f 300/313/300 285/312/285 299/319/299
f 295/1044/295 696/702/696 301/704/301
f 303/1047/303 304/1048/304 305/1049/305
f 309/1050/309 308/1051/308 306/1052/306
f 316/1053/316 304/1054/304 315/1055/315
f 314/321/314 313/1056/313 311/322/311
f 314/1057/314 315/1058/315 317/1028/317
f 316/1053/316 315/1055/315 314/1059/314
f 305/1060/305 316/1061/316 788/1062/788
f 319/1063/319 788/1062/788 312/1064/312
f 319/1065/319 312/1066/312 313/1067/313
f 242/328/242 234/980/234 320/1068/320
f 238/1069/238 322/339/322 321/338/321
f 320/1070/320 239/335/239 323/333/323
f 323/333/323 324/1071/324 320/1070/320
f 326/1072/326 331/1073/331 329/1074/329
f 350/364/350 327/350/327 330/341/330
f 335/390/335 341/347/341 339/343/339
f 327/350/327 326/1075/326 330/341/330
f 327/1076/327 343/1077/343 326/1072/326
f 336/344/336 340/346/340 347/348/347
f 338/404/338 336/1078/336 345/1079/345
f 331/1073/331 326/1072/326 344/1080/344
f 343/1077/343 344/1080/344 326/1072/326
f 343/1077/343 327/1076/327 396/1081/396
f 343/1077/343 347/348/347 344/1080/344
f 343/1077/343 396/1081/396 345/349/345
f 343/1077/343 345/349/345 347/348/347
f 350/364/350 346/410/346 342/351/342
f 342/351/342 327/350/327 350/364/350
f 331/1082/331 344/354/344 329/356/329
f 344/1083/344 348/357/348 351/367/351
f 349/1084/349 354/366/354 340/358/340
f 352/360/352 332/362/332 329/1085/329
f 351/367/351 352/360/352 329/1085/329
f 355/369/355 333/361/333 352/360/352
f 357/372/357 352/360/352 351/367/351
f 358/374/358 357/372/357 353/359/353
f 361/1086/361 360/1087/360 363/1088/363
f 360/1087/360 362/1089/362 365/1090/365
f 370/1091/370 363/1092/363 365/1093/365
f 356/1094/356 361/1095/361 364/1096/364
f 365/1097/365 362/1098/362 366/1099/366
f 369/1100/369 372/1101/372 368/1102/368
f 370/1103/370 371/1104/371 369/1100/369
f 371/1105/371 370/1106/370 365/1097/365
f 369/1100/369 371/1104/371 372/1101/372
f 372/1101/372 371/1104/371 373/1107/373
f 372/1108/372 373/1109/373 375/1110/375
f 377/643/377 359/370/359 367/629/367
f 359/370/359 377/643/377 374/378/374
f 375/1110/375 374/378/374 379/1111/379
f 635/645/635 378/650/378 377/1112/377
f 379/1111/379 378/1113/378 380/1114/380
f 101/396/101 95/395/95 94/874/94
f 105/91/105 382/406/382 92/92/92
f 335/390/335 384/275/384 175/274/175
f 101/396/101 100/1115/100 386/402/386
f 382/383/382 391/663/391 383/384/383
f 388/394/388 385/386/385 381/94/381
f 337/1116/337 336/1078/336 338/404/338
f 386/392/386 385/386/385 392/400/392
f 387/401/387 393/397/393 101/396/101
f 391/663/391 382/383/382 650/666/650
f 390/407/390 382/406/382 105/91/105
f 394/688/394 390/669/390 389/1117/389
f 394/688/394 389/1117/389 113/436/113
f 338/404/338 396/352/396 397/405/397
f 392/400/392 388/394/388 397/1118/397
f 396/352/396 342/351/342 395/409/395
f 397/405/397 396/352/396 395/409/395
f 393/397/393 387/401/387 398/416/398
f 395/409/395 342/351/342 346/410/346
f 401/412/401 397/405/397 395/409/395
f 399/411/399 401/412/401 395/409/395
f 392/400/392 401/1119/401 404/414/404
f 402/363/402 346/410/346 350/364/350
f 403/1120/403 346/410/346 402/363/402
f 399/411/399 403/1120/403 405/1121/405
f 352/360/352 406/1122/406 355/369/355
f 356/371/356 406/1122/406 352/360/352
f 405/1121/405 403/1120/403 355/1123/355
f 355/1123/355 406/1124/406 405/1121/405
f 407/422/407 404/1125/404 405/420/405
f 409/425/409 407/1126/407 356/426/356
f 409/425/409 410/419/410 407/1126/407
f 411/1127/411 410/1128/410 409/1129/409
f 113/436/113 389/1117/389 417/434/417
f 419/909/419 415/438/415 423/440/423
f 421/1130/421 422/1131/422 416/1132/416
f 422/1133/422 421/1134/421 427/1135/427
f 424/1136/424 422/1133/422 427/1135/427
f 421/437/421 418/1137/418 430/441/430
f 415/1138/415 424/1139/424 427/1140/427
f 426/444/426 423/462/423 425/1141/425
f 418/1137/418 393/397/393 430/441/430
f 425/447/425 427/442/427 430/441/430
f 426/1142/426 425/447/425 429/446/429
f 429/1143/429 431/448/431 426/444/426
f 435/450/435 429/446/429 430/441/430
f 432/452/432 429/446/429 435/450/435
f 413/1144/413 507/1145/507 414/1146/414
f 414/449/414 434/510/434 435/450/435
f 144/140/144 437/149/437 440/458/440
f 437/149/437 144/140/144 146/144/146
f 439/1147/439 438/456/438 419/909/419
f 441/443/441 442/461/442 440/458/440
f 428/445/428 442/461/442 441/443/441
f 443/148/443 444/1148/444 164/177/164
f 444/1148/444 450/1149/450 164/177/164
f 163/1150/163 444/1151/444 443/1152/443
f 446/182/446 163/146/163 165/183/165
f 450/468/450 444/1153/444 446/469/446
f 451/1154/451 445/1155/445 450/1156/450
f 453/1157/453 451/1158/451 450/1159/450
f 453/1160/453 455/1161/455 451/1162/451
f 456/480/456 473/481/473 451/1162/451
f 455/1161/455 456/480/456 451/1162/451
f 452/467/452 453/1163/453 450/468/450
f 719/729/719 455/471/455 454/470/454
f 455/1161/455 457/1164/457 456/480/456
f 477/483/477 457/485/457 459/1165/459
f 462/591/462 459/1165/459 457/485/457
f 459/1166/459 461/1167/461 721/1168/721
f 471/1169/471 474/1170/474 464/1171/464
f 466/1172/466 448/186/448 469/1173/469
f 468/475/468 464/1174/464 474/476/474
f 473/465/473 469/1173/469 448/186/448
f 467/1175/467 469/1176/469 474/1170/474
f 467/1177/467 466/1172/466 469/1173/469
f 467/1178/467 471/1179/471 472/1180/472
f 473/481/473 475/474/475 474/476/474
f 471/1179/471 470/1181/470 725/1182/725
f 725/1183/725 470/1184/470 476/1185/476
f 479/1186/479 478/1187/478 475/1188/475
f 477/744/477 728/743/728 475/1189/475
f 480/1190/480 476/1185/476 478/1191/478
f 481/1192/481 478/1193/478 479/1194/479
f 479/1186/479 482/1195/482 483/1196/483
f 485/1197/485 489/1198/489 483/1199/483
f 487/1200/487 481/1192/481 489/1201/489
f 572/577/572 497/1202/497 493/1203/493
f 571/1204/571 494/492/494 495/494/495
f 497/1202/497 499/1205/499 500/1206/500
f 411/1207/411 409/498/409 375/500/375
f 502/505/502 413/1208/413 412/1209/412
f 739/504/739 413/1208/413 502/505/502
f 376/1210/376 411/1211/411 375/1212/375
f 505/761/505 502/505/502 411/1213/411
f 379/1111/379 376/1214/376 375/1110/375
f 376/762/376 505/761/505 411/1213/411
f 434/513/434 414/1146/414 508/514/508
f 506/451/506 435/450/435 434/510/434
f 690/1215/690 433/1216/433 511/1217/511
f 509/1218/509 433/453/433 436/454/436
f 510/531/510 508/514/508 507/1145/507
f 511/1217/511 433/1216/433 509/1219/509
f 512/512/512 506/451/506 532/511/532
f 508/514/508 510/531/510 527/529/527
f 511/1217/511 509/1219/509 761/1220/761
f 521/1221/521 524/1222/524 523/1223/523
f 533/537/533 512/1224/512 524/534/524
f 509/1219/509 533/1225/533 761/1220/761
f 510/531/510 760/1226/760 528/530/528
f 537/1227/537 531/1228/531 517/523/517
f 518/1229/518 540/1230/540 522/1231/522
f 532/536/532 516/520/516 523/522/523
f 540/533/540 533/537/533 524/534/524
f 526/515/526 508/514/508 535/528/535
f 549/1232/549 533/1233/533 534/1234/534
f 761/1220/761 533/1225/533 543/560/543
f 537/1235/537 515/1236/515 529/1237/529
f 539/1238/539 540/1230/540 531/1239/531
f 538/1240/538 539/1238/539 531/1239/531
f 516/1241/516 541/541/541 538/540/538
f 546/543/546 540/542/540 539/1242/539
f 532/1243/532 526/515/526 541/541/541
f 761/771/761 547/553/547 765/549/765
f 526/515/526 546/545/546 541/541/541
f 543/560/543 533/1225/533 549/557/549
f 548/546/548 551/1244/551 534/544/534
f 535/528/535 527/529/527 553/548/553
f 535/528/535 550/1245/550 548/547/548
f 548/546/548 550/1246/550 551/1244/551
f 550/1245/550 553/548/553 562/572/562
f 554/552/554 555/575/555 553/548/553
f 555/575/555 554/552/554 575/603/575
f 559/1247/559 556/1248/556 558/1249/558
f 560/1250/560 559/1251/559 565/1252/565
f 560/1253/560 561/1254/561 557/1255/557
f 560/1250/560 565/1252/565 564/562/564
f 564/562/564 568/567/568 572/491/572
f 563/559/563 570/1256/570 552/1257/552
f 571/1258/571 496/1259/496 561/1254/561
f 561/1260/561 573/1261/573 566/1262/566
f 566/1263/566 573/1264/573 567/1265/567
f 579/574/579 551/578/551 562/572/562
f 577/1266/577 497/1202/497 578/576/578
f 580/1267/580 561/1268/561 496/495/496
f 580/1267/580 573/1269/573 561/1268/561
f 581/573/581 562/572/562 555/575/555
f 583/587/583 574/579/574 582/581/582
f 583/587/583 576/1270/576 574/579/574
f 587/1271/587 580/1267/580 577/1272/577
f 581/1273/581 582/1274/582 585/1275/585
f 555/586/555 582/581/582 581/1276/581
f 590/1277/590 591/1278/591 576/571/576
f 594/1279/594 593/1280/593 499/1205/499
f 583/587/583 555/586/555 598/1281/598
f 589/610/589 598/604/598 575/603/575
f 598/604/598 589/610/589 605/609/605
f 604/1282/604 596/1283/596 600/1284/600
f 604/600/604 601/1285/601 597/601/597
f 774/783/774 588/606/588 603/786/603
f 606/1286/606 335/390/335 175/274/175
f 611/1287/611 341/347/341 608/614/608
f 608/1288/608 607/612/607 610/665/610
f 609/1289/609 349/1290/349 341/347/341
f 613/1291/613 349/1290/349 609/1289/609
f 612/624/612 615/623/615 611/619/611
f 623/630/623 354/366/354 349/1084/349
f 615/623/615 655/625/655 616/626/616
f 617/1292/617 621/1293/621 619/1294/619
f 621/1293/621 627/1295/627 620/1296/620
f 367/629/367 359/370/359 354/366/354
f 621/1297/621 626/1298/626 625/635/625
f 622/1299/622 620/1300/620 627/1301/627
f 624/632/624 367/629/367 623/630/623
f 626/1298/626 629/633/629 625/635/625
f 667/680/667 626/1302/626 622/1299/622
f 624/1303/624 630/1304/630 628/641/628
f 629/633/629 626/1298/626 630/1305/630
f 628/641/628 630/1304/630 632/639/632
f 367/629/367 628/631/628 633/1306/633
f 631/640/631 633/1307/633 628/641/628
f 633/1308/633 635/1309/635 367/1310/367
f 631/640/631 634/1311/634 633/1307/633
f 636/644/636 378/650/378 635/645/635
f 757/764/757 641/658/641 634/1311/634
f 380/1312/380 642/1313/642 639/1314/639
f 637/1315/637 641/658/641 640/660/640
f 642/1313/642 638/1316/638 640/1317/640
f 638/1316/638 642/1313/642 380/1312/380
f 644/664/644 643/1318/643 646/1319/646
f 643/277/643 391/663/391 646/662/646
f 607/612/607 645/611/645 610/665/610
f 644/664/644 646/1319/646 610/665/610
f 649/667/649 394/688/394 648/1320/648
f 394/688/394 652/689/652 648/1320/648
f 390/669/390 394/688/394 649/667/649
f 651/1321/651 653/670/653 647/661/647
f 651/1321/651 647/661/647 650/666/650
f 648/1320/648 651/1322/651 649/667/649
f 652/689/652 651/1322/651 648/1320/648
f 652/689/652 654/1323/654 651/1322/651
f 653/670/653 654/1324/654 614/671/614
f 652/689/652 656/1325/656 654/1323/654
f 652/689/652 683/690/683 656/1325/656
f 614/622/614 654/1326/654 655/625/655
f 657/1327/657 656/1328/656 683/694/683
f 656/1328/656 657/1327/657 662/1329/662
f 656/1328/656 662/1329/662 655/1330/655
f 660/1331/660 658/677/658 661/679/661
f 662/1329/662 657/1327/657 663/683/663
f 659/681/659 667/680/667 622/1299/622
f 660/1331/660 661/679/661 668/749/668
f 660/1331/660 668/749/668 665/682/665
f 667/680/667 665/682/665 738/1332/738
f 255/284/255 671/1333/671 679/1334/679
f 675/1335/675 255/284/255 679/1334/679
f 677/1336/677 670/687/670 674/1337/674
f 671/1333/671 672/1338/672 680/698/680
f 676/695/676 695/310/695 428/445/428
f 672/1339/672 695/1340/695 676/1341/676
f 676/1342/676 687/699/687 672/1338/672
f 678/693/678 681/1343/681 657/1327/657
f 681/1343/681 686/697/686 657/1327/657
f 684/696/684 431/448/431 690/1344/690
f 690/1344/690 431/448/431 432/1345/432
f 687/1346/687 685/700/685 691/1347/691
f 687/699/687 666/684/666 657/1327/657
f 690/1344/690 688/701/688 684/696/684
f 691/1347/691 666/1348/666 687/1346/687
f 688/701/688 689/1349/689 685/700/685
f 692/1350/692 294/1351/294 693/1352/693
f 301/1353/301 693/1352/693 294/1351/294
f 428/445/428 145/128/145 442/461/442
f 700/711/700 694/1354/694 692/709/692
f 698/1355/698 699/1356/699 693/1357/693
f 698/1358/698 696/713/696 702/712/702
f 706/1359/706 713/1360/713 699/1361/699
f 707/1362/707 703/1363/703 705/1364/705
f 704/1365/704 711/1366/711 705/1364/705
f 711/1366/711 708/1367/708 705/1364/705
f 716/1368/716 715/1369/715 712/1370/712
f 722/733/722 719/729/719 449/731/449
f 168/730/168 719/729/719 454/470/454
f 455/471/455 719/729/719 721/1371/721
f 721/1371/721 458/1372/458 457/1373/457
f 722/736/722 449/1374/449 466/734/466
f 726/1375/726 722/1376/722 724/1377/724
f 725/1182/725 723/1378/723 472/1180/472
f 724/1377/724 727/1379/727 726/1375/726
f 730/1380/730 725/1183/725 480/1190/480
f 729/1381/729 728/737/728 726/738/726
f 728/1382/728 729/1383/729 482/1195/482
f 480/1190/480 482/1384/482 729/1385/729
f 734/1386/734 730/1387/730 729/1388/729
f 732/1389/732 723/1390/723 730/1391/730
f 729/1388/729 731/1392/731 734/1386/734
f 727/740/727 732/739/732 735/746/735
f 630/1304/630 667/1393/667 632/639/632
f 691/1347/691 689/1349/689 745/750/745
f 666/1348/666 691/1347/691 748/752/748
f 667/1394/667 746/1395/746 632/1396/632
f 745/750/745 748/752/748 691/1347/691
f 667/1397/667 737/1398/737 746/1399/746
f 737/1400/737 748/752/748 746/760/746
f 666/1348/666 748/752/748 737/1400/737
f 749/1401/749 503/753/503 505/761/505
f 740/754/740 503/753/503 749/1401/749
f 744/1402/744 745/1403/745 739/1404/739
f 757/767/757 749/1401/749 758/763/758
f 751/1405/751 753/1406/753 741/1407/741
f 740/1408/740 751/1405/751 741/1407/741
f 757/767/757 750/759/750 749/1401/749
f 750/759/750 756/755/756 751/1405/751
f 741/1407/741 753/1406/753 755/1409/755
f 747/756/747 754/1410/754 753/1406/753
f 639/655/639 758/763/758 376/762/376
f 764/1411/764 688/1412/688 511/1413/511
f 688/701/688 762/1414/762 689/1349/689
f 739/1415/739 760/1416/760 510/1417/510
f 739/1415/739 745/750/745 760/1416/760
f 545/1418/545 763/774/763 536/1419/536
f 768/1420/768 769/1421/769 771/1422/771
f 591/1423/591 777/1424/777 775/778/775
f 599/1425/599 771/1422/771 770/1426/770
f 772/1427/772 771/1428/771 599/782/599
f 776/781/776 772/1427/772 599/782/599
f 770/1429/770 769/1430/769 777/1424/777
f 777/1431/777 773/1432/773 778/1433/778
f 780/785/780 602/779/602 775/778/775
f 776/1434/776 774/1435/774 779/1436/779
f 785/1437/785 783/1438/783 781/1439/781
f 602/608/602 783/1440/783 605/609/605
f 781/1441/781 782/1442/782 784/1443/784
f 605/609/605 783/1440/783 782/1444/782
f 5/3/5 7/78/7 6/1/6
f 6/862/6 8/1445/8 4/1446/4
f 2/791/2 1/1447/1 9/8/9
f 10/9/10 9/8/9 1/1447/1
f 10/1448/10 1/1449/1 3/1450/3
f 14/1451/14 13/1452/13 15/858/15
f 18/866/18 91/865/91 17/1453/17
f 102/10/102 23/880/23 10/11/10
f 21/14/21 9/8/9 24/15/24
f 34/811/34 28/1454/28 33/812/33
f 36/821/36 30/809/30 31/808/31
f 42/31/42 40/33/40 31/808/31
f 38/35/38 40/33/40 43/32/43
f 52/27/52 39/822/39 46/1455/46
f 45/25/45 52/27/52 47/1456/47
f 47/47/47 52/1457/52 60/48/60
f 50/50/50 53/43/53 57/49/57
f 56/42/56 52/27/52 54/100/54
f 80/1458/80 62/1459/62 61/1460/61
f 63/53/63 62/831/62 81/1461/81
f 61/835/61 66/838/66 64/832/64
f 76/846/76 74/1462/74 69/61/69
f 76/153/76 70/848/70 150/72/150
f 72/69/72 71/849/71 68/1463/68
f 26/1464/26 27/1465/27 80/1466/80
f 81/1461/81 80/1467/80 27/1468/27
f 81/206/81 27/1469/27 83/1470/83
f 82/1471/82 83/1470/83 27/1469/27
f 89/1472/89 13/83/13 96/85/96
f 86/871/86 6/1473/6 84/872/84
f 6/862/6 93/861/93 8/1445/8
f 93/1474/93 86/1475/86 87/1476/87
f 12/1477/12 22/1478/22 87/1479/87
f 86/873/86 12/1480/12 87/1481/87
f 11/796/11 88/1482/88 19/855/19
f 92/92/92 91/865/91 16/93/16
f 12/1480/12 86/873/86 95/395/95
f 97/877/97 91/865/91 92/92/92
f 101/396/101 99/879/99 100/1115/100
f 93/868/93 22/13/22 98/385/98
f 107/1483/107 108/1484/108 132/1485/132
f 113/436/113 106/95/106 109/98/109
f 106/888/106 420/430/420 108/429/108
f 108/429/108 415/431/415 111/1486/111
f 57/49/57 58/45/58 115/104/115
f 112/133/112 135/111/135 123/110/123
f 128/112/128 129/114/129 127/116/127
f 112/894/112 107/900/107 132/1487/132
f 112/894/112 132/1487/132 110/895/110
f 140/143/140 136/1488/136 158/919/158
f 78/1489/78 77/68/77 152/70/152
f 156/1490/156 151/150/151 148/152/148
f 148/154/148 155/159/155 156/1491/156
f 157/1492/157 156/1491/156 155/159/155
f 156/1493/156 157/1494/157 153/158/153
f 130/1495/130 160/1496/160 161/174/161
f 711/1366/711 704/1365/704 714/1497/714 716/1498/716
f 173/1499/173 170/1500/170 172/1501/172
f 176/926/176 172/1502/172 170/1503/170
f 176/926/176 173/925/173 172/1502/172
f 171/190/171 643/277/643 174/191/174
f 644/664/644 645/611/645 174/922/174
f 260/298/260 184/202/184 220/955/220
f 81/206/81 83/1470/83 186/207/186
f 81/1461/81 189/932/189 63/53/63
f 64/832/64 193/837/193 186/833/186
f 195/1504/195 204/1505/204 190/1506/190
f 193/837/193 191/937/191 186/833/186
f 188/195/188 189/932/189 198/939/198
f 189/208/189 192/209/192 200/1507/200
f 189/208/189 200/1507/200 199/940/199
f 196/211/196 215/234/215 208/226/208
f 217/957/217 212/243/212 214/245/214
f 71/851/71 219/250/219 213/960/213
f 214/245/214 219/250/219 217/957/217
f 220/249/220 217/957/217 219/250/219
f 222/251/222 246/991/246 224/252/224
f 223/253/223 228/257/228 245/270/245
f 231/263/231 210/1508/210 229/261/229
f 210/229/210 231/1509/231 237/264/237
f 235/1510/235 237/264/237 231/1509/231
f 233/979/233 235/981/235 231/1511/231
f 240/1512/240 238/1069/238 235/1513/235
f 216/983/216 241/336/241 239/335/239
f 243/1514/243 244/990/244 177/1515/177
f 245/270/245 249/1516/249 177/1517/177
f 246/991/246 244/990/244 243/1514/243
f 246/989/246 247/271/247 229/260/229
f 249/1518/249 245/1519/245 228/964/228
f 249/1518/249 228/964/228 248/1520/248
f 230/966/230 248/1520/248 228/964/228
f 383/1521/383 171/276/171 384/275/384
f 256/1522/256 671/1333/671 253/287/253
f 126/127/126 268/129/268 266/295/266
f 273/999/273 270/1523/270 272/1000/272
f 276/306/276 271/305/271 274/1002/274
f 270/1004/270 265/1524/265 277/308/277
f 278/1525/278 272/1000/272 270/1523/270
f 272/1000/272 280/1526/280 274/998/274
f 280/1527/280 275/1528/275 274/1529/274
f 283/1530/283 275/1528/275 280/1527/280
f 288/1531/288 289/1532/289 293/1533/293
f 253/287/253 282/1010/282 256/1522/256
f 300/1043/300 256/1522/256 282/1010/282
f 283/1530/283 298/318/298 291/317/291
f 294/1351/294 292/1534/292 301/1353/301
f 299/1535/299 256/1522/256 300/1043/300
f 302/1536/302 318/324/318 298/1537/298
f 302/1046/302 696/702/696 295/1044/295
f 308/1538/308 307/1539/307 306/1540/306
f 309/1050/309 312/1541/312 308/1051/308
f 312/1541/312 311/1542/311 313/1543/313
f 323/333/323 241/336/241 238/334/238
f 322/326/322 242/328/242 324/1544/324
f 325/1545/325 322/326/322 324/1544/324
f 328/1546/328 326/1072/326 329/1074/329
f 345/349/345 396/1081/396 338/1547/338
f 340/346/340 341/347/341 349/1290/349
f 348/353/348 344/1080/344 347/348/347
f 359/370/359 358/374/358 353/359/353
f 357/1548/357 361/1549/361 356/1550/356
f 360/1087/360 358/1551/358 362/1089/362
f 363/1552/363 368/1553/368 364/1554/364
f 364/1554/364 372/427/372 356/426/356
f 373/1555/373 371/1105/371 366/1099/366
f 366/379/366 374/378/374 373/1109/373
f 374/378/374 375/1110/375 373/1109/373
f 378/1113/378 379/1111/379 377/643/377
f 376/507/376 379/1556/379 380/508/380
f 384/1557/384 104/1558/104 383/1559/383
f 336/344/336 337/1560/337 334/345/334
f 334/345/334 104/1561/104 384/275/384
f 338/404/338 388/403/388 337/1116/337
f 95/90/95 417/1562/417 389/388/389
f 387/401/387 386/402/386 400/417/400
f 402/363/402 355/1123/355 403/1120/403
f 405/1121/405 404/413/404 399/411/399
f 406/421/406 356/1563/356 407/422/407
f 413/1144/413 414/1146/414 408/1564/408
f 419/909/419 111/1565/111 415/438/415
f 415/431/415 416/432/416 422/1566/422
f 114/286/114 394/688/394 113/436/113
f 423/1567/423 439/1568/439 419/1569/419
f 421/437/421 420/430/420 418/1137/418
f 430/441/430 414/449/414 435/450/435
f 429/446/429 432/452/432 431/1570/431
f 437/149/437 142/911/142 440/458/440
f 419/909/419 139/908/139 111/1565/111
f 164/177/164 450/1149/450 445/1571/445
f 447/185/447 166/181/166 445/180/445
f 167/184/167 454/470/454 446/182/446
f 167/1572/167 449/1573/449 168/1574/168
f 451/466/451 447/185/447 445/180/445
f 446/182/446 454/470/454 452/1575/452
f 452/1575/452 454/470/454 453/472/453
f 721/1168/721 477/744/477 459/1166/459
f 458/1576/458 460/1577/460 457/1578/457
f 461/1167/461 459/1166/459 462/1579/462
f 462/591/462 460/1580/460 463/592/463
f 471/1169/471 464/1171/464 465/1581/465
f 464/1174/464 468/475/468 490/1582/490
f 468/1583/468 471/1584/471 465/1585/465
f 471/1586/471 468/1587/468 470/1588/470
f 475/1589/475 476/1590/476 470/1591/470
f 476/1590/476 475/1589/475 478/1592/478
f 481/1192/481 479/1194/479 483/1593/483
f 484/1594/484 478/1595/478 486/1596/486
f 485/1597/485 486/1598/486 487/1599/487
f 491/490/491 493/489/493 571/1600/571
f 494/1601/494 571/1600/571 493/489/493
f 493/489/493 492/1602/492 494/1601/494
f 498/493/498 494/492/494 492/1603/492
f 492/1604/492 497/1605/497 498/1606/498
f 497/1607/497 500/1608/500 498/1609/498
f 497/1202/497 577/1266/577 499/1205/499
f 410/1128/410 411/1127/411 412/1610/412
f 412/1209/412 411/1213/411 502/505/502
f 413/1144/413 510/531/510 507/1145/507
f 502/505/502 503/753/503 504/506/504
f 413/1144/413 739/1611/739 510/531/510
f 414/1146/414 507/1145/507 508/514/508
f 533/1225/533 509/1219/509 436/1612/436
f 517/1613/517 521/1221/521 523/1223/523
f 518/1614/518 520/1615/520 521/1221/521
f 519/1616/519 520/1617/520 518/1618/518
f 532/536/532 525/527/525 512/526/512
f 434/513/434 526/515/526 532/1243/532
f 514/1619/514 529/1620/529 515/1621/515
f 529/1237/529 514/1622/514 516/1241/516
f 537/1227/537 517/523/517 530/525/530
f 516/1241/516 538/540/538 529/1237/529
f 521/1623/521 517/1624/517 518/1625/518
f 538/540/538 537/1235/537 529/1237/529
f 518/1229/518 531/1239/531 540/1230/540
f 541/541/541 516/1241/516 532/1243/532
f 544/1626/544 545/1627/545 542/1628/542
f 568/1629/568 534/544/534 551/1244/551
f 554/550/554 542/1630/542 545/551/545
f 765/549/765 547/553/547 554/550/554
f 553/548/553 550/1245/550 535/528/535
f 557/1631/557 558/564/558 556/1632/556
f 563/559/563 549/557/549 569/558/569
f 552/1257/552 543/560/543 563/559/563
f 491/490/491 560/1250/560 564/562/564
f 571/1258/571 561/1254/561 560/1253/560
f 571/1258/571 560/1253/560 491/1633/491
f 564/562/564 565/1252/565 566/563/566
f 564/1634/564 569/558/569 568/556/568
f 575/1635/575 554/550/554 552/554/552
f 563/559/563 576/571/576 570/1256/570
f 564/562/564 572/491/572 491/490/491
f 572/577/572 578/576/578 497/1202/497
f 571/1204/571 495/494/495 496/1636/496
f 499/497/499 577/1272/577 580/1267/580
f 496/495/496 499/497/499 580/1267/580
f 579/574/579 586/1637/586 578/576/578
f 580/1638/580 587/1639/587 573/1640/573
f 583/587/583 598/1281/598 588/1641/588
f 584/588/584 591/590/591 775/1642/775
f 499/1643/499 501/1644/501 594/1645/594
f 604/1282/604 595/1646/595 596/1283/596
f 587/1647/587 601/1648/601 585/1649/585
f 586/1650/586 597/1651/597 601/1652/601
f 603/1653/603 598/604/598 605/609/605
f 603/1654/603 588/1641/588 598/1281/598
f 590/607/590 588/606/588 774/783/774
f 604/1282/604 585/1655/585 601/1656/601
f 606/1657/606 173/925/173 607/924/607
f 606/1286/606 608/614/608 335/390/335
f 608/614/608 606/1286/606 607/1658/607
f 609/1289/609 341/347/341 611/1287/611
f 616/1659/616 617/1292/617 619/1294/619
f 617/1292/617 616/1659/616 655/1660/655
f 618/1661/618 616/1659/616 619/1294/619
f 619/1294/619 625/1662/625 618/1661/618
f 621/1293/621 617/1292/617 627/1295/627
f 627/1295/627 617/1292/617 622/1663/622
f 659/1664/659 622/1665/622 617/1666/617
f 757/764/757 632/639/632 746/765/746
f 636/1667/636 633/1307/633 634/1311/634
f 632/639/632 757/764/757 634/1311/634
f 757/764/757 759/1668/759 641/658/641
f 637/1315/637 634/1311/634 641/658/641
f 638/1669/638 378/650/378 640/649/640
f 383/384/383 391/663/391 643/277/643
f 646/1319/646 647/1670/647 610/665/610
f 649/667/649 651/1322/651 650/668/650
f 651/1321/651 654/1324/654 653/670/653
f 617/676/617 655/678/655 658/677/658
f 665/682/665 668/749/668 738/1332/738
f 669/685/669 668/749/668 661/679/661
f 671/1333/671 299/1535/299 672/1338/672
f 675/1335/675 670/993/670 255/284/255
f 670/1671/670 675/1672/675 674/1673/674
f 674/1673/674 675/1672/675 678/1674/678
f 680/698/680 679/1334/679 671/1333/671
f 670/687/670 677/1336/677 683/690/683
f 679/1675/679 682/1676/682 681/1677/681
f 680/1678/680 682/1676/682 679/1675/679
f 657/1327/657 683/694/683 678/693/678
f 676/695/676 685/700/685 687/1346/687
f 687/699/687 657/1327/657 686/697/686
f 690/1215/690 432/1679/432 433/1216/433
f 692/1680/692 694/707/694 298/706/298
f 694/1681/694 696/1682/696 302/1683/302
f 697/1684/697 692/1685/692 693/1357/693
f 700/711/700 702/718/702 694/1354/694
f 693/1357/693 699/1356/699 697/1684/697
f 700/711/700 697/710/697 701/1686/701
f 698/1358/698 703/1687/703 706/1688/706
f 705/1689/705 703/1687/703 702/712/702
f 701/1690/701 704/1365/704 705/1364/705
f 708/1691/708 706/1688/706 707/1692/707
f 705/1364/705 708/1367/708 707/1362/707
f 709/1693/709 706/1694/706 708/1367/708
f 710/1695/710 713/1360/713 706/1359/706
f 709/1693/709 708/1367/708 711/1366/711
f 712/724/712 710/1696/710 711/725/711
f 714/1697/714 713/1360/713 717/1698/717
f 721/1371/721 719/729/719 720/732/720
f 457/1373/457 455/471/455 721/1371/721
f 467/1699/467 724/1377/724 722/1376/722
f 732/739/732 724/741/724 723/1378/723
f 479/1186/479 475/1188/475 728/1382/728
f 725/1183/725 476/1185/476 480/1190/480
f 479/1186/479 728/1382/728 482/1195/482
f 730/1380/730 480/1190/480 729/1385/729
f 734/1700/734 732/1389/732 730/1391/730
f 731/1701/731 727/1702/727 733/1703/733
f 477/744/477 721/1168/721 720/742/720
f 734/1700/734 735/1704/735 732/1389/732
f 735/746/735 733/745/733 727/740/727
f 733/1703/733 736/1705/736 731/1701/731
f 737/748/737 669/685/669 666/684/666
f 667/1706/667 738/1707/738 737/1708/737
f 739/504/739 504/506/504 744/751/744
f 754/1410/754 747/756/747 742/758/742
f 743/1709/743 754/1710/754 742/1711/742
f 748/1712/748 744/1713/744 742/1711/742
f 740/1714/740 749/1715/749 751/1716/751
f 750/759/750 751/1405/751 749/1401/749
f 752/757/752 751/1405/751 756/755/756
f 753/1406/753 751/1405/751 752/757/752
f 754/1717/754 741/1718/741 755/1719/755
f 758/763/758 639/655/639 759/654/759
f 688/1720/688 690/1215/690 511/1217/511
f 760/1416/760 689/1349/689 762/1414/762
f 745/750/745 689/1349/689 760/1416/760
f 536/1721/536 764/1722/764 765/1723/765
f 763/774/763 764/768/764 536/1419/536
f 715/1724/715 718/1725/718 717/1726/717
f 718/1727/718 715/1728/715 767/1729/767
f 770/1426/770 771/1422/771 769/1421/769
f 777/1424/777 591/1423/591 770/1429/770
f 599/782/599 590/607/590 774/783/774
f 772/1427/772 776/781/776 778/1730/778
f 780/1731/780 777/1431/777 778/1433/778
f 778/1433/778 776/1434/776 779/1436/779
f 781/1732/781 779/1733/779 782/1734/782
f 779/1735/779 774/783/774 782/787/782
f 782/1444/782 603/1653/603 605/609/605
f 781/1439/781 784/1736/784 785/1437/785
f 786/1737/786 783/1738/783 785/1739/785
f 783/1440/783 787/1740/787 784/1741/784
f 11/792/11 1/1742/1 2/793/2
f 8/1743/8 7/1744/7 5/1745/5
f 8/1445/8 5/1746/5 4/1446/4
f 13/83/13 14/800/14 20/84/20
f 23/7/23 24/15/24 9/8/9
f 27/1469/27 26/1747/26 82/1471/82
f 29/1748/29 30/806/30 28/805/28
f 41/19/41 37/21/37 45/826/45
f 42/31/42 53/1749/53 43/32/43
f 49/1750/49 43/1751/43 50/1752/50
f 44/927/44 43/1753/43 49/1754/49
f 181/37/181 49/1754/49 51/38/51
f 70/848/70 55/1755/55 73/847/73
f 54/100/54 52/27/52 46/1455/46
f 59/73/59 73/847/73 55/1755/55
f 81/1461/81 62/831/62 80/1467/80
f 95/395/95 88/1756/88 12/1480/12
f 102/1757/102 19/81/19 96/863/96
f 98/385/98 7/869/7 93/868/93
f 97/877/97 102/885/102 96/1758/96
f 104/381/104 334/886/334 97/877/97
f 56/1759/56 117/1760/117 60/1761/60
f 127/119/127 136/126/136 133/120/133
f 156/1493/156 153/158/153 151/157/151
f 154/162/154 157/161/157 155/1762/155
f 161/174/161 160/1496/160 162/175/162
f 174/922/174 645/611/645 176/613/176
f 183/196/183 181/37/181 194/194/194
f 44/927/44 49/1754/49 181/37/181
f 219/250/219 214/245/214 213/960/213
f 177/1517/177 244/269/244 245/270/245
f 251/280/251 252/279/252 254/282/254
f 261/290/261 260/298/260 265/297/265
f 270/1523/270 273/999/273 267/1763/267
f 264/296/264 277/1764/277 265/297/265
f 273/999/273 271/1001/271 267/1763/267
f 285/312/285 270/1004/270 277/308/277
f 288/1019/288 282/1010/282 281/1009/281
f 291/317/291 275/1528/275 283/1530/283
f 281/1009/281 292/1765/292 288/1019/288
f 282/1010/282 253/287/253 279/311/279
f 287/1017/287 280/1766/280 278/315/278
f 283/1767/283 280/1013/280 290/1012/290
f 294/1768/294 283/1769/283 290/1770/290
f 318/1771/318 317/1041/317 298/318/298
f 298/1772/298 283/1773/283 294/1774/294
f 292/1775/292 295/1044/295 301/704/301
f 304/1054/304 303/1776/303 315/1055/315
f 307/1777/307 309/1778/309 306/1779/306
f 316/1061/316 305/1060/305 304/1780/304
f 311/322/311 309/1778/309 310/320/310
f 307/1777/307 310/320/310 309/1778/309
f 311/1542/311 312/1541/312 309/1050/309
f 310/1781/310 308/1538/308 312/1782/312
f 313/1783/313 314/1784/314 317/1785/317
f 316/1786/316 314/1787/314 312/1788/312
f 297/1029/297 315/1058/315 303/1789/303
f 305/1049/305 297/1790/297 303/1047/303
f 318/1791/318 313/1792/313 317/1793/317
f 319/1045/319 295/1044/295 297/1790/297
f 305/1049/305 319/1045/319 297/1790/297
f 320/1794/320 234/267/234 239/978/239
f 238/1069/238 240/1512/240 322/339/322
f 325/1795/325 324/1796/324 323/1797/323
f 326/1075/326 328/342/328 330/341/330
f 329/1085/329 332/362/332 328/1798/328
f 332/340/332 350/364/350 330/341/330
f 339/343/339 340/346/340 336/344/336
f 361/1086/361 357/1799/357 358/1551/358
f 360/1087/360 361/1086/361 358/1551/358
f 363/1552/363 364/1554/364 361/1800/361
f 363/1801/363 369/1802/369 368/1803/368
f 370/1091/370 369/1804/369 363/1092/363
f 372/427/372 364/1554/364 368/1553/368
f 366/1099/366 371/1105/371 365/1097/365
f 374/378/374 377/643/377 379/1111/379
f 25/882/25 381/94/381 24/15/24
f 337/393/337 25/882/25 334/883/334
f 381/94/381 25/882/25 337/393/337
f 392/400/392 400/415/400 386/392/386
f 415/431/415 422/1566/422 424/1805/424
f 427/442/427 425/447/425 415/1806/415
f 433/453/433 432/452/432 506/451/506
f 168/730/168 454/470/454 167/184/167
f 457/485/457 460/1580/460 462/591/462
f 721/1371/721 461/596/461 458/1372/458
f 458/1372/458 463/595/463 460/1807/460
f 465/1585/465 490/1808/490 468/1583/468
f 448/186/448 447/185/447 473/465/473
f 467/1175/467 474/1170/474 471/1169/471
f 474/476/474 469/1809/469 473/481/473
f 484/1810/484 480/1811/480 478/1812/478
f 482/1384/482 484/1813/484 483/1814/483
f 480/1190/480 484/1813/484 482/1384/482
f 485/1597/485 484/1815/484 486/1598/486
f 483/1814/483 484/1813/484 485/1816/485
f 481/1817/481 483/1818/483 489/1819/489
f 488/1820/488 485/1597/485 487/1599/487
f 465/1581/465 464/1171/464 169/1821/169
f 490/1808/490 465/1585/465 169/1822/169
f 497/1823/497 492/1604/492 493/1824/493
f 500/1825/500 501/1826/501 498/1827/498
f 498/493/498 501/1828/501 495/494/495
f 501/1644/501 499/1643/499 495/1829/495
f 515/1830/515 513/1831/513 514/1832/514
f 530/1833/530 513/1834/513 515/1835/515
f 516/520/516 514/1836/514 530/521/530
f 522/1837/522 520/1615/520 519/1838/519
f 521/1221/521 520/1615/520 522/1837/522
f 524/534/524 512/1224/512 523/1839/523
f 530/525/530 515/1840/515 537/1227/537
f 519/1841/519 518/1842/518 522/1843/522
f 538/1240/538 531/1239/531 537/1844/537
f 765/1845/765 545/1846/545 536/1847/536
f 543/560/543 552/1257/552 761/1220/761
f 547/553/547 761/771/761 552/554/552
f 551/578/551 550/1245/550 562/572/562
f 557/1255/557 559/1848/559 560/1253/560
f 558/1849/558 566/563/566 565/1252/565
f 558/564/558 557/1631/557 561/565/561
f 564/1634/564 567/570/567 569/558/569
f 584/582/584 575/1635/575 552/554/552
f 585/1850/585 586/1851/586 579/1852/579
f 587/1271/587 577/1272/577 586/1853/586
f 588/606/588 576/605/576 583/1854/583
f 591/1278/591 570/1256/570 576/571/576
f 501/1855/501 500/1856/500 593/1857/593
f 501/1858/501 593/1859/593 594/1860/594
f 775/778/775 589/780/589 584/582/584
f 600/1861/600 596/1862/596 597/1863/597
f 600/1284/600 585/1655/585 604/1282/604
f 597/1863/597 586/1864/586 600/1861/600
f 175/1865/175 173/925/173 606/1657/606
f 615/623/615 613/620/613 611/619/611
f 623/630/623 349/1084/349 613/1866/613
f 621/1293/621 625/1662/625 619/1294/619
f 618/1867/618 625/635/625 624/634/624
f 626/1302/626 620/1300/620 622/1299/622
f 629/633/629 630/1305/630 624/634/624
f 631/640/631 632/639/632 634/1311/634
f 640/649/640 636/644/636 637/648/637
f 612/615/612 610/617/610 653/670/653
f 664/1868/664 659/675/659 658/677/658
f 664/1868/664 658/677/658 660/1331/660
f 662/1869/662 661/1870/661 655/1871/655
f 663/1872/663 661/1870/661 662/1869/662
f 657/1327/657 666/684/666 663/683/663
f 675/1335/675 679/1334/679 678/693/678
f 672/1338/672 687/699/687 680/698/680
f 682/1873/682 686/697/686 681/1343/681
f 692/1680/692 298/706/298 294/1874/294
f 696/1875/696 698/1355/698 693/1357/693
f 702/712/702 703/1687/703 698/1358/698
f 704/720/704 701/717/701 699/716/699
f 699/1356/699 698/1355/698 706/1876/706
f 705/1877/705 700/1878/700 701/1879/701
f 706/1688/706 703/1687/703 707/1692/707
f 706/1880/706 709/1881/709 711/1882/711
f 711/725/711 710/1696/710 706/1883/706
f 472/1180/472 724/741/724 467/1178/467
f 472/1180/472 471/1179/471 725/1182/725
f 730/1884/730 723/1378/723 725/1182/725
f 731/1701/731 726/738/726 727/1702/727
f 734/1386/734 731/1392/731 736/1885/736
f 736/1886/736 735/1704/735 734/1700/734
f 740/754/740 743/1887/743 504/506/504
f 743/1888/743 744/1889/744 504/1890/504
f 742/1711/742 744/1713/744 743/1709/743
f 746/760/746 748/752/748 756/755/756
f 754/1891/754 755/1892/755 753/1893/753
f 758/763/758 749/1401/749 505/761/505
f 762/769/762 763/774/763 760/776/760
f 763/1894/763 545/1895/545 544/1896/544
f 766/1897/766 716/726/716 718/1898/718
f 715/1899/715 766/1900/766 767/1901/767
f 767/1729/767 766/1902/766 718/1727/718
f 770/1426/770 591/1903/591 599/1425/599
f 778/1730/778 768/1904/768 772/1427/772
f 768/1904/768 778/1730/778 773/1905/773
f 780/1731/780 779/1436/779 781/1906/781
f 780/1731/780 778/1433/778 779/1436/779
f 787/1907/787 786/790/786 784/789/784
f 16/86/16 18/1908/18 15/859/15
f 2/793/2 21/1909/21 22/803/22
f 32/16/32 28/810/28 34/1910/34
f 35/23/35 40/22/40 38/30/38
f 44/34/44 48/1911/48 38/35/38
f 12/1912/12 88/1482/88 11/796/11
f 99/879/99 84/79/84 7/78/7
f 22/1913/22 93/1474/93 87/1476/87
f 418/433/418 420/1914/420 106/95/106
f 175/1915/175 171/1916/171 173/1917/173
f 247/1918/247 177/1919/177 249/1920/249
f 671/1333/671 255/284/255 253/287/253
f 281/1009/281 276/1921/276 292/1765/292
f 314/1922/314 310/1781/310 312/1782/312
f 319/325/319 318/324/318 302/1536/302
f 321/1923/321 325/1924/325 323/1925/323
f 333/365/333 350/364/350 332/340/332
f 339/343/339 334/345/334 335/390/335
f 407/1126/407 410/419/410 404/418/404
f 463/595/463 458/1372/458 461/596/461
f 481/1192/481 486/1926/486 478/1193/478
f 481/1192/481 487/1200/487 486/1926/486
f 487/1927/487 489/1928/489 488/1929/488
f 521/1221/521 522/1837/522 524/1222/524
f 517/1624/517 531/1930/531 518/1625/518
f 544/1931/544 542/532/542 528/530/528
f 559/1848/559 557/1255/557 556/1932/556
f 558/1933/558 565/1934/565 559/1935/559
f 567/570/567 573/1936/573 574/569/574
f 582/581/582 573/580/573 587/584/587
f 584/582/584 589/780/589 575/1635/575
f 586/1937/586 577/1938/577 578/1939/578
f 585/1940/585 579/574/579 581/573/581
f 499/1205/499 593/1280/593 500/1206/500
f 595/1941/595 597/1863/597 596/1862/596
f 585/1942/585 600/1861/600 586/1864/586
f 601/1652/601 587/1943/587 586/1650/586
f 620/1944/620 626/1298/626 621/1297/621
f 659/1945/659 664/1946/664 665/1947/665
f 665/1948/665 664/1949/664 660/1950/660
f 669/1951/669 661/1952/661 663/1953/663
f 671/1333/671 256/1522/256 299/1535/299
f 679/1954/679 681/1955/681 678/1956/678
f 686/1957/686 682/1958/682 680/1959/680
f 710/1695/710 712/1960/712 713/1360/713
f 717/1726/717 712/1961/712 715/1724/715
f 717/728/717 718/1898/718 716/726/716
f 724/741/724 472/1180/472 723/1378/723
f 726/738/726 731/1701/731 729/1381/729
f 738/1962/738 668/1963/668 737/1964/737
f 741/1965/741 754/1966/754 743/1967/743
f 752/757/752 747/756/747 753/1406/753
f 716/1368/716 766/1968/766 715/1369/715
f 772/1969/772 768/1420/768 771/1422/771
f 769/1970/769 768/1971/768 773/1972/773
f 590/1973/590 599/1425/599 591/1903/591
f 777/1424/777 769/1430/769 773/1974/773
f 602/779/602 781/784/781 783/1975/783
f 786/1737/786 787/1976/787 783/1738/783
f 13/1452/13 89/856/89 15/858/15
f 308/1538/308 310/1781/310 307/1539/307
f 297/1029/297 317/1028/317 315/1058/315
f 351/367/351 353/359/353 357/372/357
f 535/528/535 548/547/548 526/515/526
f 464/1174/464 490/1582/490 169/1977/169
f 618/627/618 624/1978/624 623/628/623
f 713/1360/713 712/1960/712 717/1698/717
f 743/1979/743 740/1980/740 741/1981/741
f 777/1424/777 780/785/780 775/778/775
f 784/1741/784 782/1444/782 783/1440/783
f 392/400/392 397/1118/397 401/1119/401
f 399/411/399 346/410/346 403/1120/403
f 691/1347/691 685/700/685 689/1349/689
f 788/1062/788 319/1063/319 305/1060/305
f 788/1062/788 316/1061/316 312/1064/312
o leaf2.011
v -2.154254 3.118191 1.940636
v -0.547239 3.208283 1.008200
v -3.005774 3.242288 0.485066
v -1.398759 3.332381 -0.447370
v -1.723500 3.283324 1.703585
v -1.014499 3.334095 1.292760
v -1.866022 3.437660 -0.164137
v -2.575195 3.388087 0.246476
v -2.743153 3.310320 0.944257
v -2.385168 3.252105 1.555603
v -0.778153 3.342198 0.623167
v -1.136138 3.400413 0.011820
v -1.987419 3.640939 1.302128
v -2.342962 3.709530 0.691738
v -1.282792 3.720692 0.893861
v -1.637051 3.794106 0.290266
v -2.565805 3.318264 1.251391
v -0.958466 3.407246 0.318801
v -2.167598 3.777496 0.987203
v -1.460548 3.875451 0.589300
v -1.356344 3.379489 1.491417
v -2.208346 3.483181 0.036837
v -1.618729 3.843796 1.081816
v -1.970010 3.881002 0.477453
v -1.794804 3.994014 0.785915
v -2.992767 4.110746 0.500128
v -0.592124 4.179192 -0.782195
v -4.097605 3.423077 -1.604951
v -1.696962 3.491523 -2.887275
v -2.379869 4.328386 0.108638
v -1.323071 4.373962 -0.461471
v -2.423516 3.657517 -2.558831
v -3.480790 3.613450 -1.989581
v -3.779977 3.785689 -0.990962
v -3.314181 4.066232 -0.103969
v -0.913538 4.134678 -1.386292
v -1.379333 3.854135 -2.273285
v -2.793673 4.575733 -0.623491
v -3.258193 4.310423 -1.513908
v -1.749474 4.661231 -1.203691
v -2.213844 4.405924 -2.086884
v -3.557294 3.977082 -0.562744
v -1.155935 4.044009 -1.844753
v -3.049612 4.578401 -1.129891
v -2.006766 4.694144 -1.704108
v -1.847161 4.448115 -0.218325
v -2.948566 3.732789 -2.312547
v -2.280032 4.838491 -1.011379
v -2.732509 4.533842 -1.878680
v -2.534853 4.869500 -1.497612
v -2.027788 4.502635 0.494637
v -0.750280 4.254748 -0.087973
v -2.566634 4.496076 -0.684120
v -1.289127 4.248189 -1.266730
v -1.667932 4.543004 0.330539
v -1.102918 4.441929 0.072538
v -1.644337 4.419889 -1.104651
v -2.209314 4.521848 -0.846974
v -2.387341 4.578715 -0.326137
v -2.161551 4.576889 0.169736
v -0.884043 4.329002 -0.412873
v -1.109833 4.330829 -0.908747
v -1.796716 4.785568 -0.037336
v -2.019385 4.794971 -0.533590
v -1.231409 4.706949 -0.297389
v -1.452892 4.720723 -0.789032
v -2.270991 4.605803 -0.081865
v -0.993373 4.357030 -0.664426
v -1.896091 4.865426 -0.305755
v -1.327227 4.801501 -0.560094
v -1.366359 4.542808 0.188635
v -1.908260 4.521235 -0.986867
v -1.479737 4.863585 -0.198575
v -1.703603 4.849925 -0.686030
v -1.575389 4.955737 -0.454065
v -3.231180 3.635469 0.915706
v -1.959243 4.090090 0.459193
v -3.690162 3.704429 -0.294438
v -2.418225 4.159050 -0.750950
v -2.920245 3.860076 0.811185
v -2.361366 4.068727 0.610834
v -2.816051 4.122671 -0.601497
v -3.375269 3.914892 -0.401261
v -3.571299 3.760583 0.092661
v -3.377049 3.727190 0.600624
v -2.105113 4.181811 0.144112
v -2.299362 4.215204 -0.363851
v -3.133044 4.112118 0.491895
v -3.327724 4.153529 -0.014389
v -2.583507 4.341081 0.294497
v -2.779090 4.385650 -0.206220
v -3.483011 3.770762 0.349646
v -2.210594 4.224640 -0.106998
v -3.251458 4.208693 0.237036
v -2.705143 4.450556 0.048826
v -2.644956 4.019594 0.711922
v -3.100311 4.073325 -0.498735
v -2.877051 4.351360 0.392944
v -3.063085 4.369860 -0.110011
v -2.997657 4.456988 0.153751
v -1.490627 4.627189 1.336722
v -0.168176 4.769258 0.823063
v -1.972331 4.812698 0.147851
v -0.649880 4.954767 -0.365808
v -1.139997 4.772068 1.217884
v -0.556792 4.843127 0.992396
v -1.038001 5.013046 -0.198805
v -1.621332 4.942915 0.026580
v -1.826731 4.835976 0.529147
v -1.624051 4.753410 1.028124
v -0.301600 4.895479 0.514464
v -0.504280 4.978045 0.015487
v -1.300341 5.069964 0.907558
v -1.501455 5.160406 0.410254
v -0.721232 5.162953 0.685372
v -0.922227 5.256635 0.193659
v -1.727430 4.822877 0.781946
v -0.404696 4.964109 0.268135
v -1.403342 5.193901 0.657895
v -0.823884 5.300117 0.444991
v -0.839231 4.862182 1.106070
v -1.321068 5.032041 -0.083430
v -0.999287 5.242099 0.796669
v -1.197327 5.308206 0.302377
v -1.101574 5.375232 0.562726
v -0.932854 4.718322 0.873388
v 0.326419 4.318731 0.337230
v -1.424436 4.776384 -0.324462
v -0.165163 4.376793 -0.860620
v -0.564910 4.715160 0.722853
v -0.006921 4.546927 0.485434
v -0.502971 4.589930 -0.711011
v -1.060804 4.759036 -0.473910
v -1.249941 4.836935 0.040247
v -1.044578 4.808064 0.544099
v 0.214695 4.408473 0.007941
v 0.009332 4.437344 -0.495911
v -0.649896 4.971392 0.351534
v -0.851240 5.007410 -0.152551
v -0.088845 4.825418 0.112173
v -0.288659 4.865631 -0.387242
v -1.140335 4.849883 0.288759
v 0.118940 4.449398 -0.247349
v -0.728929 5.062573 0.079981
v -0.162798 4.930760 -0.153475
v -0.260479 4.678730 0.592170
v -0.757014 4.722253 -0.602604
v -0.320076 5.010756 0.202438
v -0.525702 5.024021 -0.292998
v -0.394420 5.113697 -0.056004
v -0.305599 3.948062 1.457716
v 0.943364 3.614048 0.856523
v -0.852505 4.014632 0.284545
v 0.396458 3.680618 -0.316648
v 0.055030 3.963782 1.291121
v 0.608102 3.824593 1.025114
v 0.057405 3.875902 -0.146848
v -0.495561 4.015977 0.118857
v -0.664364 4.073531 0.642681
v -0.435548 4.041028 1.136099
v 0.813416 3.707014 0.534906
v 0.584599 3.739516 0.041488
v -0.056832 4.225169 0.930679
v -0.281935 4.264983 0.437038
v 0.498311 4.108386 0.663175
v 0.274776 4.152342 0.174240
v -0.544302 4.085000 0.886388
v 0.704701 3.750093 0.285221
v -0.151612 4.319532 0.665323
v 0.408298 4.216962 0.403862
v 0.354495 3.943161 1.146281
v -0.196632 3.994930 -0.023978
v 0.264092 4.281752 0.768302
v 0.036021 4.298454 0.282896
v 0.174109 4.387739 0.516139
v -0.754030 4.386452 1.880769
v 0.468103 4.137108 1.190025
v -1.382726 4.441121 0.748683
v -0.160594 4.191776 0.057939
v -0.407129 4.426287 1.690698
v 0.133574 4.324571 1.385221
v -0.497936 4.363763 0.254269
v -1.038606 4.466374 0.559456
v -1.174263 4.504751 1.094547
v -0.910783 4.477192 1.570670
v 0.311349 4.227847 0.879926
v 0.047869 4.255406 0.403803
v -0.558219 4.686870 1.344254
v -0.818437 4.721950 0.867816
v -0.016845 4.607666 1.037625
v -0.275418 4.646891 0.565864
v -1.038693 4.519025 1.329827
v 0.183532 4.268790 0.639087
v -0.676180 4.780096 1.087943
v -0.130465 4.715253 0.787325
v -0.117569 4.425867 1.525659
v -0.749417 4.465463 0.396444
v -0.252929 4.765078 1.161931
v -0.514210 4.776771 0.693412
v -0.365882 4.869957 0.918706
v -1.462507 3.025560 0.658519
v 0.154631 3.245959 -0.233860
v -2.241432 2.759986 -0.818613
v -0.624294 2.980386 -1.710992
v -1.053696 3.223600 0.408191
v -0.342132 3.331631 0.013167
v -1.117499 3.045908 -1.461802
v -1.829424 2.938976 -1.067195
v -2.019822 2.946765 -0.370888
v -1.691298 3.052451 0.250553
v -0.074160 3.272851 -0.641826
v -0.402684 3.167164 -1.263267
v -1.352057 3.459186 -0.054615
v -1.679994 3.364160 -0.676805
v -0.649861 3.594996 -0.452129
v -0.977726 3.505978 -1.068405
v -1.863553 3.035526 -0.065032
v -0.245898 3.254880 -0.957366
v -1.535230 3.508956 -0.392641
v -0.834311 3.664543 -0.782956
v -0.697114 3.347475 0.192389
v -1.473101 3.062165 -1.280332
v -1.011641 3.685598 -0.296432
v -1.330384 3.561829 -0.907268
v -1.194142 3.752434 -0.617915
v 0.006012 2.884577 0.622133
v 1.093131 2.710477 -0.099767
v -0.642200 2.986851 -0.378684
v 0.444919 2.812751 -1.100584
v 0.313688 2.936779 0.428822
v 0.794566 2.867673 0.110024
v 0.144008 2.955579 -0.890433
v -0.336868 3.025527 -0.571854
v -0.429982 3.029889 -0.069482
v -0.158169 2.982652 0.351237
v 0.928950 2.808553 -0.370662
v 0.657137 2.855789 -0.791382
v 0.150590 3.193446 0.133503
v -0.118323 3.247680 -0.287287
v 0.631760 3.145161 -0.185157
v 0.364598 3.202986 -0.601515
v -0.291035 3.032335 0.139634
v 0.796180 2.857416 -0.582316
v 0.025368 3.291481 -0.090093
v 0.510737 3.256171 -0.402693
v 0.570505 2.949667 0.259738
v -0.080265 3.037846 -0.739079
v 0.419958 3.279972 -0.048091
v 0.150811 3.312207 -0.462820
v 0.300008 3.388115 -0.259307
v 0.351006 2.743920 2.835495
v 1.800232 2.752748 1.909071
v -0.484997 2.945484 1.529635
v 0.964229 2.954312 0.603212
v 0.748650 2.876015 2.602140
v 1.388736 2.890064 2.194165
v 0.551414 3.072721 0.886633
v -0.088765 3.059793 1.294445
v -0.220214 2.981123 1.944182
v 0.130852 2.890824 2.492502
v 1.580079 2.899652 1.566079
v 1.229012 2.989952 1.017758
v 0.511158 3.231656 2.250232
v 0.163018 3.331356 1.702918
v 1.149096 3.272640 1.845433
v 0.802712 3.376543 1.304446
v -0.043861 2.970214 2.220567
v 1.405590 2.978002 1.293964
v 0.340761 3.376216 1.969917
v 0.982470 3.433589 1.574984
v 1.084435 2.947726 2.392925
v 0.246773 3.130473 1.087555
v 0.854586 3.401888 2.035755
v 0.508690 3.472233 1.493146
v 0.689579 3.558334 1.773134
v 0.779349 2.944741 1.382566
v 2.074028 2.985957 0.485120
v -0.037233 3.019367 0.207972
v 1.257447 3.060582 -0.689474
v 1.127985 3.075494 1.149271
v 1.699282 3.103027 0.753513
v 0.882502 3.160232 -0.421675
v 0.311052 3.133711 -0.026116
v 0.215859 3.086626 0.576178
v 0.559084 3.050121 1.069647
v 1.853764 3.091336 0.172201
v 1.510539 3.127841 -0.321268
v 0.879907 3.370122 0.818968
v 0.538862 3.415421 0.325876
v 1.447833 3.422291 0.424920
v 1.108356 3.471834 -0.062646
v 0.386374 3.099796 0.823306
v 1.681312 3.140065 -0.074263
v 0.707228 3.479136 0.561747
v 1.277993 3.546961 0.175819
v 1.424233 3.148933 0.943023
v 0.607206 3.206307 -0.230181
v 1.177457 3.533689 0.603006
v 0.840254 3.552531 0.115520
v 1.009598 3.654719 0.361218
v 0.169370 3.212739 1.477743
v 0.602557 3.250380 1.171692
v -0.095911 3.143674 1.082333
v 0.337276 3.181315 0.776283
v 0.283809 3.254951 1.395063
v 0.474788 3.274049 1.259858
v 0.209759 3.200331 0.864699
v 0.018712 3.181485 0.999811
v -0.015349 3.189221 1.203955
v 0.096249 3.216877 1.370206
v 0.529436 3.254519 1.064156
v 0.417838 3.226862 0.897905
v 0.198147 3.307184 1.276862
v 0.087110 3.281982 1.110507
v 0.387554 3.332720 1.141606
v 0.276930 3.308950 0.976997
v 0.039516 3.211344 1.286406
v 0.472806 3.248742 0.980338
v 0.140411 3.316937 1.187871
v 0.330431 3.347101 1.054938
v 0.381777 3.280500 1.323082
v 0.116652 3.206897 0.928587
v 0.294970 3.356296 1.199287
v 0.185654 3.324500 1.035491
v 0.238528 3.370111 1.115170
v 0.903157 2.624481 1.848408
v 1.228495 2.596988 1.428724
v 0.590293 2.873897 1.581200
v 0.915630 2.846403 1.161516
v 1.007247 2.642688 1.745704
v 1.152066 2.632605 1.561194
v 0.836787 2.878239 1.292701
v 0.692043 2.888588 1.477232
v 0.699561 2.816201 1.671135
v 0.830365 2.710252 1.783043
v 1.155702 2.682759 1.363359
v 1.024898 2.788707 1.251451
v 0.950179 2.775765 1.690284
v 0.821213 2.883381 1.578817
v 1.097395 2.771334 1.508270
v 0.969841 2.879053 1.398610
v 0.768842 2.770293 1.729361
v 1.094121 2.742574 1.309549
v 0.895792 2.850314 1.637063
v 1.046492 2.848070 1.458252
v 1.090133 2.650745 1.653526
v 0.774941 2.896204 1.385685
v 1.044749 2.804897 1.600772
v 0.913793 2.905522 1.488901
v 0.994456 2.879721 1.552560
v 1.288176 2.906462 0.994344
v 1.798440 2.863341 0.336105
v 0.797473 3.297649 0.575251
v 1.307738 3.254528 -0.082988
v 1.451431 2.935019 0.833262
v 1.678567 2.919204 0.543874
v 1.184078 3.304459 0.122764
v 0.957059 3.320692 0.412186
v 0.968851 3.207159 0.716307
v 1.174006 3.040987 0.891826
v 1.684271 2.997865 0.233586
v 1.479116 3.164037 0.058068
v 1.361924 3.143739 0.746341
v 1.159652 3.312525 0.571513
v 1.592821 3.136788 0.460866
v 1.392762 3.305737 0.288874
v 1.077512 3.135155 0.807630
v 1.587685 3.091681 0.149190
v 1.276624 3.260662 0.662868
v 1.512984 3.257142 0.382418
v 1.581430 2.947654 0.688688
v 1.087078 3.332638 0.268602
v 1.510250 3.189429 0.605948
v 1.304856 3.347252 0.430488
v 1.431369 3.306784 0.530332
v 0.132201 1.688330 1.759567
v 0.973135 1.993620 1.208682
v -0.424662 1.980303 1.046516
v 0.416272 2.285594 0.495631
v 0.359781 1.826360 1.641539
v 0.730937 1.965534 1.400572
v 0.173788 2.249215 0.683496
v -0.197464 2.110572 0.924552
v -0.251248 1.932520 1.289071
v -0.017234 1.807370 1.587555
v 0.823699 2.112660 1.036670
v 0.589685 2.237811 0.738186
v 0.193291 2.040051 1.498487
v -0.039205 2.169466 1.202080
v 0.562454 2.190564 1.263759
v 0.331116 2.320723 0.971674
v -0.134698 1.885005 1.445155
v 0.706397 2.189880 0.893994
v 0.076172 2.149134 1.361781
v 0.447469 2.305324 1.135380
v 0.552723 1.927422 1.528365
v -0.004557 2.210676 0.812558
v 0.387692 2.187232 1.398192
v 0.157600 2.302617 1.099710
v 0.274097 2.298491 1.273591
v 0.128017 2.270030 1.470635
v 0.607675 2.337679 1.152130
v -0.159824 2.322425 1.035224
v 0.319834 2.390074 0.716719
v 0.258217 2.322456 1.392458
v 0.469957 2.354994 1.252359
v 0.181888 2.402381 0.816071
v -0.029898 2.370140 0.956134
v -0.069811 2.332110 1.175111
v 0.051129 2.308614 1.357842
v 0.530787 2.376263 1.039338
v 0.409847 2.399759 0.856607
v 0.173064 2.415840 1.280197
v 0.052998 2.441895 1.097953
v 0.383788 2.455366 1.141630
v 0.264289 2.482463 0.961591
v -0.009455 2.329395 1.267798
v 0.470289 2.396780 0.949215
v 0.113124 2.454157 1.188391
v 0.324964 2.497940 1.053422
v 0.368569 2.356439 1.321663
v 0.080394 2.403795 0.886110
v 0.284797 2.476220 1.209240
v 0.165844 2.494493 1.028089
v 0.226603 2.517499 1.123598
v -2.742398 2.774227 1.600327
v -1.776320 2.910478 0.958829
v -3.322138 2.879754 0.723368
v -2.356061 3.016006 0.081870
v -2.480163 2.879817 1.442873
v -2.053698 2.945352 1.160700
v -2.633898 3.040794 0.281974
v -3.060454 2.975856 0.564075
v -3.140843 2.899261 1.005115
v -2.897258 2.851937 1.373153
v -1.931181 2.988189 0.731654
v -2.174765 3.035512 0.363616
v -2.651669 3.067901 1.216768
v -2.893495 3.120380 0.849711
v -2.227250 3.147509 0.937681
v -2.467933 3.202086 0.575064
v -3.019280 2.893794 1.191795
v -2.053029 3.029513 0.550138
v -2.772394 3.145076 1.031861
v -2.345729 3.233258 0.760021
v -2.257904 2.948261 1.300285
v -2.838315 3.043642 0.423039
v -2.426628 3.189511 1.073853
v -2.666211 3.226316 0.708998
v -2.543836 3.272653 0.901363
v -0.217334 3.067889 -0.115541
v 0.087356 2.880182 -0.363684
v -0.483359 2.995887 -0.397180
v -0.178668 2.808179 -0.645323
v -0.127805 3.040766 -0.191788
v 0.007210 2.959718 -0.302119
v -0.259927 2.884394 -0.582228
v -0.394932 2.965617 -0.472040
v -0.395355 3.035636 -0.317545
v -0.283855 3.064909 -0.198731
v 0.020835 2.877202 -0.446873
v -0.090664 2.847929 -0.565687
v -0.191276 3.073031 -0.296924
v -0.301658 3.045303 -0.416528
v -0.055615 2.997033 -0.409139
v -0.165076 2.970659 -0.527818
v -0.338015 3.056281 -0.261037
v -0.033317 2.868364 -0.509123
v -0.242405 3.074210 -0.367606
v -0.104691 3.001929 -0.479376
v -0.054330 3.009698 -0.254932
v -0.321432 2.934661 -0.534565
v -0.112555 3.057593 -0.371136
v -0.223231 3.025323 -0.486889
v -0.160987 3.062552 -0.439259
vn -0.1705 0.7838 0.5971
vn 0.5389 0.8182 0.2001
vn -0.5663 0.8230 -0.0446
vn 0.1610 0.8591 -0.4858
vn -0.0449 0.7669 0.6402
vn 0.5091 0.7942 0.3318
vn 0.0076 0.8438 -0.5365
vn -0.5414 0.8165 -0.2003
vn -0.6005 0.7917 0.1123
vn -0.3004 0.7704 0.5624
vn 0.5797 0.8113 0.0756
vn 0.3162 0.8381 -0.4444
vn -0.1849 0.7878 0.5875
vn -0.5536 0.8317 -0.0422
vn 0.5280 0.8241 0.2054
vn 0.1361 0.8731 -0.4681
vn -0.5371 0.7436 0.3982
vn 0.5541 0.7999 -0.2303
vn -0.4382 0.8391 0.3224
vn 0.4070 0.8996 -0.1584
vn 0.2857 0.7539 0.5917
vn -0.3436 0.8047 -0.4841
vn 0.1997 0.8568 0.4755
vn -0.2703 0.9048 -0.3292
vn -0.0332 0.9948 0.0958
vn -0.3219 0.8936 0.3128
vn 0.4019 0.9138 -0.0585
vn -0.6726 0.6688 -0.3169
vn 0.0717 0.6796 -0.7301
vn -0.1986 0.9109 0.3618
vn 0.3665 0.9275 0.0733
vn -0.0739 0.6254 -0.7768
vn -0.6360 0.6182 -0.4618
vn -0.7131 0.6828 -0.1590
vn -0.4457 0.8499 0.2811
vn 0.4520 0.8750 -0.1734
vn 0.2250 0.6971 -0.6807
vn -0.3359 0.8922 0.3020
vn -0.6615 0.6796 -0.3170
vn 0.3899 0.9192 -0.0556
vn 0.0439 0.6943 -0.7184
vn -0.6640 0.7365 0.1287
vn 0.4501 0.7652 -0.4603
vn -0.5745 0.8180 0.0287
vn 0.2856 0.8579 -0.4271
vn 0.1332 0.9355 0.3274
vn -0.4189 0.5499 -0.7225
vn 0.0419 0.9823 0.1826
vn -0.3717 0.7034 -0.6059
vn -0.1806 0.9571 -0.2264
vn -0.0820 0.8942 0.4400
vn 0.6518 0.7489 0.1197
vn -0.4145 0.8785 -0.2376
vn 0.3405 0.7242 -0.5997
vn 0.0353 0.8663 0.4982
vn 0.6082 0.7535 0.2496
vn 0.1911 0.7237 -0.6631
vn -0.3790 0.8407 -0.3867
vn -0.4656 0.8812 -0.0822
vn -0.2091 0.8948 0.3944
vn 0.7004 0.7138 0.0029
vn 0.4863 0.6875 -0.5393
vn -0.0946 0.8986 0.4284
vn -0.4008 0.8855 -0.2353
vn 0.6416 0.7572 0.1227
vn 0.3170 0.7447 -0.5873
vn -0.4335 0.8757 0.2128
vn 0.6970 0.6522 -0.2980
vn -0.3144 0.9399 0.1333
vn 0.5636 0.7843 -0.2592
vn 0.3618 0.7946 0.4876
vn -0.1647 0.7486 -0.6423
vn 0.3035 0.8871 0.3478
vn -0.0878 0.8622 -0.4989
vn 0.1274 0.9893 -0.0717
vn -0.4674 0.6392 0.6107
vn 0.2641 0.8941 0.3616
vn -0.7467 0.6590 -0.0905
vn 0.0087 0.9253 -0.3792
vn -0.3508 0.6483 0.6757
vn 0.2201 0.8476 0.4829
vn -0.1246 0.8794 -0.4595
vn -0.6953 0.6779 -0.2385
vn -0.7972 0.6013 0.0540
vn -0.5815 0.5989 0.5506
vn 0.3255 0.9127 0.2472
vn 0.1548 0.9379 -0.3104
vn -0.4805 0.6408 0.5988
vn -0.7373 0.6702 -0.0850
vn 0.2513 0.8964 0.3651
vn -0.0216 0.9305 -0.3656
vn -0.7721 0.5355 0.3423
vn 0.3552 0.9330 -0.0579
vn -0.6905 0.6607 0.2944
vn 0.1772 0.9841 -0.0084
vn -0.0251 0.7224 0.6910
vn -0.4569 0.7496 -0.4789
vn -0.1144 0.8146 0.5686
vn -0.4393 0.8448 -0.3056
vn -0.3086 0.9372 0.1627
vn -0.2745 0.7275 0.6288
vn 0.4851 0.8027 0.3469
vn -0.5714 0.8185 -0.0593
vn 0.2123 0.8995 -0.3819
vn -0.1564 0.7081 0.6886
vn 0.4365 0.7671 0.4701
vn 0.0686 0.8872 -0.4562
vn -0.5235 0.8258 -0.2096
vn -0.6279 0.7734 0.0874
vn -0.3975 0.7160 0.5740
vn 0.5440 0.8070 0.2298
vn 0.3602 0.8764 -0.3197
vn -0.2874 0.7322 0.6175
vn -0.5594 0.8271 -0.0543
vn 0.4733 0.8080 0.3510
vn 0.1848 0.9116 -0.3671
vn -0.6066 0.7013 0.3745
vn 0.5644 0.8219 -0.0764
vn -0.4996 0.8039 0.3227
vn 0.4060 0.9137 -0.0192
vn 0.1780 0.7023 0.6892
vn -0.2856 0.8405 -0.4605
vn 0.1079 0.8141 0.5706
vn -0.2383 0.9274 -0.2884
vn -0.0690 0.9824 0.1733
vn 0.0097 0.8977 0.4406
vn 0.7321 0.6652 0.1469
vn -0.2969 0.9219 -0.2489
vn 0.4470 0.6780 -0.5836
vn 0.1205 0.8559 0.5029
vn 0.6846 0.6750 0.2751
vn 0.3011 0.6954 -0.6525
vn -0.2608 0.8801 -0.3968
vn -0.3531 0.9307 -0.0955
vn -0.1147 0.9135 0.3903
vn 0.7804 0.6245 0.0319
vn 0.5850 0.6240 -0.5180
vn -0.0019 0.9036 0.4285
vn -0.2826 0.9271 -0.2461
vn 0.7228 0.6746 0.1496
vn 0.4257 0.7012 -0.5719
vn -0.3329 0.9214 0.2004
vn 0.7809 0.5637 -0.2693
vn -0.2041 0.9709 0.1257
vn 0.6629 0.7109 -0.2348
vn 0.4362 0.7455 0.5040
vn -0.0497 0.7629 -0.6447
vn 0.3947 0.8442 0.3626
vn 0.0349 0.8664 -0.4981
vn 0.2478 0.9668 -0.0627
vn -0.0067 0.8864 0.4629
vn 0.7105 0.6912 0.1318
vn -0.3447 0.9145 -0.2116
vn 0.3926 0.7098 -0.5848
vn 0.1084 0.8477 0.5192
vn 0.6685 0.6960 0.2622
vn 0.2432 0.7229 -0.6468
vn -0.3136 0.8779 -0.3619
vn -0.3943 0.9173 -0.0557
vn -0.1338 0.8983 0.4186
vn 0.7552 0.6553 0.0138
vn 0.5355 0.6601 -0.5269
vn -0.0191 0.8921 0.4515
vn -0.3305 0.9203 -0.2093
vn 0.7011 0.7002 0.1352
vn 0.3709 0.7319 -0.5717
vn -0.3604 0.9017 0.2387
vn 0.7446 0.6019 -0.2886
vn -0.2372 0.9583 0.1597
vn 0.6225 0.7432 -0.2452
vn 0.4280 0.7505 0.5036
vn -0.1093 0.7755 -0.6218
vn 0.3763 0.8509 0.3667
vn -0.0225 0.8789 -0.4764
vn 0.2056 0.9774 -0.0484
vn -0.0261 0.8763 0.4811
vn 0.6769 0.7295 0.0985
vn -0.4105 0.8962 -0.1683
vn 0.3102 0.7418 -0.5946
vn 0.0946 0.8435 0.5288
vn 0.6436 0.7295 0.2315
vn 0.1564 0.7471 -0.6461
vn -0.3876 0.8640 -0.3212
vn -0.4493 0.8933 -0.0095
vn -0.1564 0.8814 0.4457
vn 0.7154 0.6983 -0.0230
vn 0.4593 0.6995 -0.5474
vn -0.0395 0.8814 0.4707
vn -0.3965 0.9028 -0.1669
vn 0.6672 0.7378 0.1027
vn 0.2882 0.7623 -0.5795
vn -0.3946 0.8746 0.2816
vn 0.6873 0.6496 -0.3250
vn -0.2805 0.9397 0.1957
vn 0.5604 0.7828 -0.2705
vn 0.4175 0.7655 0.4896
vn -0.1960 0.7784 -0.5963
vn 0.3508 0.8650 0.3587
vn -0.1055 0.8842 -0.4550
vn 0.1451 0.9886 -0.0412
vn -0.3337 0.8275 0.4515
vn 0.3803 0.9220 0.0728
vn -0.6945 0.6918 -0.1976
vn 0.0391 0.7839 -0.6197
vn -0.2097 0.8403 0.5000
vn 0.3478 0.9147 0.2058
vn -0.1063 0.7337 -0.6710
vn -0.6604 0.6647 -0.3494
vn -0.7315 0.6807 -0.0387
vn -0.4573 0.7859 0.4161
vn 0.4284 0.9023 -0.0476
vn 0.1932 0.7976 -0.5714
vn -0.3480 0.8273 0.4409
vn -0.6837 0.7028 -0.1964
vn 0.3682 0.9266 0.0767
vn 0.0113 0.7959 -0.6053
vn -0.6767 0.6915 0.2528
vn 0.4220 0.8372 -0.3478
vn -0.5914 0.7894 0.1645
vn 0.2563 0.9197 -0.2976
vn 0.1205 0.8782 0.4629
vn -0.4482 0.6422 -0.6218
vn 0.0248 0.9441 0.3289
vn -0.4015 0.7774 -0.4842
vn -0.2069 0.9755 -0.0746
vn -0.0054 0.8460 0.5332
vn 0.6728 0.7333 0.0979
vn -0.4317 0.8978 -0.0878
vn 0.2614 0.7803 -0.5681
vn 0.1185 0.8124 0.5709
vn 0.6483 0.7250 0.2326
vn 0.1046 0.7861 -0.6092
vn -0.4185 0.8750 -0.2434
vn -0.4600 0.8849 0.0728
vn -0.1378 0.8511 0.5066
vn 0.7037 0.7100 -0.0275
vn 0.4138 0.7378 -0.5333
vn -0.0195 0.8515 0.5239
vn -0.4177 0.9044 -0.0868
vn 0.6633 0.7412 0.1032
vn 0.2403 0.7995 -0.5505
vn -0.3861 0.8501 0.3581
vn 0.6564 0.6787 -0.3294
vn -0.2787 0.9219 0.2690
vn 0.5318 0.8063 -0.2590
vn 0.4391 0.7422 0.5064
vn -0.2442 0.8088 -0.5350
vn 0.3628 0.8481 0.3862
vn -0.1460 0.9076 -0.3937
vn 0.1299 0.9915 0.0085
vn -0.0918 0.7772 0.6225
vn 0.6003 0.7757 0.1947
vn -0.5117 0.8591 0.0005
vn 0.1963 0.8593 -0.4722
vn 0.0341 0.7510 0.6594
vn 0.5747 0.7502 0.3270
vn 0.0403 0.8555 -0.5163
vn -0.4942 0.8552 -0.1563
vn -0.5411 0.8260 0.1579
vn -0.2237 0.7732 0.5934
vn 0.6351 0.7694 0.0683
vn 0.3515 0.8272 -0.4384
vn -0.1063 0.7824 0.6136
vn -0.4984 0.8669 0.0025
vn 0.5900 0.7821 0.2006
vn 0.1732 0.8744 -0.4531
vn -0.4686 0.7663 0.4395
vn 0.5955 0.7678 -0.2363
vn -0.3670 0.8571 0.3616
vn 0.4585 0.8750 -0.1554
vn 0.3607 0.7177 0.5957
vn -0.3102 0.8380 -0.4489
vn 0.2767 0.8290 0.4860
vn -0.2237 0.9289 -0.2952
vn 0.0372 0.9920 0.1206
vn -0.1176 0.8026 0.5848
vn 0.5581 0.8192 0.1319
vn -0.5630 0.8261 -0.0244
vn 0.1271 0.8429 -0.5228
vn 0.0109 0.7859 0.6182
vn 0.5387 0.7993 0.2661
vn -0.0299 0.8274 -0.5608
vn -0.5506 0.8148 -0.1813
vn -0.5848 0.7998 0.1356
vn -0.2499 0.7893 0.5608
vn 0.5889 0.8082 0.0047
vn 0.2850 0.8218 -0.4933
vn -0.1327 0.8065 0.5762
vn -0.5501 0.8348 -0.0233
vn 0.5477 0.8253 0.1378
vn 0.1037 0.8576 -0.5037
vn -0.4992 0.7596 0.4169
vn 0.5389 0.7880 -0.2977
vn -0.4060 0.8520 0.3306
vn 0.3986 0.8910 -0.2173
vn 0.3365 0.7686 0.5440
vn -0.3761 0.7929 -0.4794
vn 0.2421 0.8688 0.4320
vn -0.2901 0.8969 -0.3339
vn -0.0193 0.9975 0.0680
vn -0.2324 0.8926 0.3864
vn 0.3569 0.9341 0.0064
vn -0.5853 0.8006 -0.1280
vn -0.0209 0.8408 -0.5409
vn -0.1172 0.8977 0.4248
vn 0.3439 0.9294 0.1341
vn -0.1529 0.8078 -0.5693
vn -0.5732 0.7784 -0.2561
vn -0.6075 0.7943 0.0057
vn -0.3468 0.8641 0.3647
vn 0.3895 0.9145 -0.1092
vn 0.1181 0.8450 -0.5216
vn -0.2421 0.8936 0.3780
vn -0.5755 0.8082 -0.1254
vn 0.3441 0.9389 0.0116
vn -0.0371 0.8509 -0.5239
vn -0.5470 0.8009 0.2434
vn 0.3463 0.8642 -0.3650
vn -0.4686 0.8684 0.1622
vn 0.2096 0.9318 -0.2962
vn 0.1676 0.9121 0.3741
vn -0.4311 0.7538 -0.4960
vn 0.0755 0.9634 0.2572
vn -0.3662 0.8476 -0.3841
vn -0.1539 0.9860 -0.0635
vn 0.3797 0.6094 0.6960
vn 0.8222 0.5480 0.1540
vn -0.0348 0.9358 0.3507
vn 0.3819 0.8997 -0.2112
vn 0.4814 0.5433 0.6878
vn 0.8282 0.4916 0.2692
vn 0.2522 0.9475 -0.1963
vn -0.0569 0.9722 0.2273
vn -0.0363 0.8797 0.4742
vn 0.2679 0.6496 0.7115
vn 0.8200 0.5713 0.0346
vn 0.4994 0.8309 -0.2453
vn 0.3712 0.6184 0.6926
vn -0.0222 0.9359 0.3515
vn 0.8154 0.5550 0.1648
vn 0.3772 0.9070 -0.1872
vn 0.0519 0.7481 0.6616
vn 0.7181 0.6700 -0.1883
vn 0.1416 0.8012 0.5814
vn 0.6566 0.7521 -0.0562
vn 0.7119 0.4483 0.5405
vn 0.0078 0.9990 -0.0437
vn 0.6493 0.5829 0.4884
vn 0.1305 0.9897 0.0582
vn 0.4290 0.8517 0.3009
vn -0.1426 0.6058 0.7827
vn 0.4366 0.7899 0.4306
vn -0.5172 0.7966 0.3128
vn 0.0362 0.9971 -0.0671
vn -0.0263 0.5845 0.8110
vn 0.4271 0.7247 0.5408
vn -0.0990 0.9902 -0.0988
vn -0.5108 0.8386 0.1894
vn -0.5359 0.7277 0.4281
vn -0.2596 0.5985 0.7579
vn 0.4640 0.8268 0.3180
vn 0.1755 0.9828 -0.0576
vn -0.1524 0.6113 0.7766
vn -0.5066 0.8014 0.3180
vn 0.4244 0.7923 0.4383
vn 0.0214 0.9987 -0.0463
vn -0.4681 0.6145 0.6350
vn 0.4090 0.9096 0.0731
vn -0.3866 0.7079 0.5912
vn 0.2808 0.9437 0.1749
vn 0.2570 0.6042 0.7543
vn -0.3786 0.9246 -0.0418
vn 0.1663 0.7112 0.6830
vn -0.3025 0.9482 0.0967
vn -0.0696 0.9006 0.4291
vn -0.1503 0.8018 0.5784
vn 0.4466 0.8687 0.2143
vn -0.5017 0.8631 0.0584
vn 0.0709 0.9385 -0.3380
vn -0.0358 0.7867 0.6163
vn 0.4311 0.8367 0.3376
vn -0.0632 0.9259 -0.3723
vn -0.4896 0.8690 -0.0714
vn -0.5267 0.8291 0.1874
vn -0.2665 0.7905 0.5515
vn 0.4791 0.8724 0.0970
vn 0.2093 0.9244 -0.3189
vn -0.1597 0.8056 0.5705
vn -0.4912 0.8688 0.0626
vn 0.4343 0.8734 0.2205
vn 0.0555 0.9461 -0.3191
vn -0.4699 0.7763 0.4202
vn 0.4355 0.8852 -0.1633
vn -0.3839 0.8521 0.3558
vn 0.3050 0.9490 -0.0804
vn 0.2498 0.7838 0.5686
vn -0.3466 0.8848 -0.3115
vn 0.1652 0.8688 0.4667
vn -0.2747 0.9442 -0.1817
vn -0.0553 0.9855 0.1606
vn 0.1506 0.9874 0.0496
vn 0.6583 0.6790 -0.3251
vn -0.2800 0.8741 -0.3969
vn 0.1997 0.5632 -0.8018
vn 0.2644 0.9608 0.0830
vn 0.6624 0.7209 -0.2038
vn 0.0619 0.5750 -0.8158
vn -0.2943 0.8088 -0.5091
vn -0.2842 0.9201 -0.2694
vn 0.0316 0.9987 0.0402
vn 0.6656 0.6123 -0.4266
vn 0.3326 0.5208 -0.7862
vn 0.1408 0.9892 0.0415
vn -0.2679 0.8778 -0.3972
vn 0.6488 0.6895 -0.3218
vn 0.1906 0.5836 -0.7894
vn -0.1929 0.9800 -0.0496
vn 0.5725 0.5022 -0.6481
vn -0.1079 0.9828 -0.1499
vn 0.4790 0.6346 -0.6065
vn 0.5263 0.8499 0.0282
vn -0.2046 0.6565 -0.7261
vn 0.4427 0.8913 -0.0985
vn -0.0961 0.7497 -0.6548
vn 0.1936 0.8936 -0.4049
vt 0.436817 0.612353
vt 0.427658 0.831283
vt 0.211864 0.839808
vt 0.212626 0.644366
vt 0.422292 0.173594
vt 0.430676 0.372916
vt 0.210371 0.349246
vt 0.205792 0.168498
vt 0.442097 0.503078
vt 0.212068 0.503226
vt 0.901466 0.501268
vt 0.904948 0.642721
vt 0.676853 0.615305
vt 0.658532 0.501861
vt 0.549970 0.503426
vt 0.551858 0.604558
vt 0.906330 0.160235
vt 0.904673 0.345861
vt 0.678975 0.367525
vt 0.713203 0.168544
vt 0.565659 0.171203
vt 0.548503 0.381898
vt 0.906330 0.842940
vt 0.713891 0.834294
vt 0.568828 0.832156
vt 0.457374 0.641456
vt 0.442893 0.878973
vt 0.227661 0.884558
vt 0.234364 0.664421
vt 0.447759 0.125484
vt 0.454589 0.348236
vt 0.235809 0.327140
vt 0.231934 0.120643
vt 0.462904 0.508338
vt 0.236439 0.503745
vt 0.918794 0.503045
vt 0.917382 0.662984
vt 0.708247 0.642765
vt 0.698097 0.507275
vt 0.582755 0.509881
vt 0.580854 0.635994
vt 0.921111 0.115443
vt 0.921653 0.325314
vt 0.713332 0.344471
vt 0.735946 0.122667
vt 0.591514 0.124221
vt 0.579953 0.357505
vt 0.911084 0.884558
vt 0.727489 0.879703
vt 0.585259 0.879612
s 1
g leaf2.011_Material.003
usemtl Material.003
f 804/1982/804 800/1983/800 792/1984/792 795/1985/795
f 797/1986/797 802/1987/802 796/1988/796 791/1989/791
f 812/1990/812 804/1982/804 795/1985/795 810/1991/810
f 809/1992/809 794/1993/794 803/1994/803 811/1995/811
f 813/1996/813 808/1997/808 804/1982/804 812/1990/812
f 789/1998/789 793/1999/793 801/2000/801 798/2001/798
f 805/2002/805 807/2003/807 802/1987/802 797/1986/797
f 794/1993/794 790/2004/790 799/2005/799 803/1994/803
f 808/1997/808 806/2006/806 800/1983/800 804/1982/804
f 803/1994/803 799/2005/799 806/2006/806 808/1997/808
f 798/2001/798 801/2000/801 807/2003/807 805/2002/805
f 811/1995/811 803/1994/803 808/1997/808 813/1996/813
f 801/2000/801 811/1995/811 813/1996/813 807/2003/807
f 807/2003/807 813/1996/813 812/1990/812 802/1987/802
f 793/1999/793 809/1992/809 811/1995/811 801/2000/801
f 802/1987/802 812/1990/812 810/1991/810 796/1988/796
f 829/1982/829 825/1983/825 817/1984/817 820/1985/820
f 822/1986/822 827/1987/827 821/1988/821 816/1989/816
f 837/1990/837 829/1982/829 820/1985/820 835/1991/835
f 834/1992/834 819/1993/819 828/1994/828 836/1995/836
f 838/1996/838 833/1997/833 829/1982/829 837/1990/837
f 814/1998/814 818/1999/818 826/2000/826 823/2001/823
f 830/2002/830 832/2003/832 827/1987/827 822/1986/822
f 819/1993/819 815/2004/815 824/2005/824 828/1994/828
f 833/1997/833 831/2006/831 825/1983/825 829/1982/829
f 828/1994/828 824/2005/824 831/2006/831 833/1997/833
f 823/2001/823 826/2000/826 832/2003/832 830/2002/830
f 836/1995/836 828/1994/828 833/1997/833 838/1996/838
f 826/2000/826 836/1995/836 838/1996/838 832/2003/832
f 832/2003/832 838/1996/838 837/1990/837 827/1987/827
f 818/1999/818 834/1992/834 836/1995/836 826/2000/826
f 827/1987/827 837/1990/837 835/1991/835 821/1988/821
f 854/1982/854 850/1983/850 842/1984/842 845/1985/845
f 847/1986/847 852/1987/852 846/1988/846 841/1989/841
f 862/1990/862 854/1982/854 845/1985/845 860/1991/860
f 859/1992/859 844/1993/844 853/1994/853 861/1995/861
f 863/1996/863 858/1997/858 854/1982/854 862/1990/862
f 839/1998/839 843/1999/843 851/2000/851 848/2001/848
f 855/2002/855 857/2003/857 852/1987/852 847/1986/847
f 844/1993/844 840/2004/840 849/2005/849 853/1994/853
f 858/1997/858 856/2006/856 850/1983/850 854/1982/854
f 853/1994/853 849/2005/849 856/2006/856 858/1997/858
f 848/2001/848 851/2000/851 857/2003/857 855/2002/855
f 861/1995/861 853/1994/853 858/1997/858 863/1996/863
f 851/2000/851 861/1995/861 863/1996/863 857/2003/857
f 857/2003/857 863/1996/863 862/1990/862 852/1987/852
f 843/1999/843 859/1992/859 861/1995/861 851/2000/851
f 852/1987/852 862/1990/862 860/1991/860 846/1988/846
f 879/1982/879 875/1983/875 867/1984/867 870/1985/870
f 872/1986/872 877/1987/877 871/1988/871 866/1989/866
f 887/1990/887 879/1982/879 870/1985/870 885/1991/885
f 884/1992/884 869/1993/869 878/1994/878 886/1995/886
f 888/1996/888 883/1997/883 879/1982/879 887/1990/887
f 864/1998/864 868/1999/868 876/2000/876 873/2001/873
f 880/2002/880 882/2003/882 877/1987/877 872/1986/872
f 869/1993/869 865/2004/865 874/2005/874 878/1994/878
f 883/1997/883 881/2006/881 875/1983/875 879/1982/879
f 878/1994/878 874/2005/874 881/2006/881 883/1997/883
f 873/2001/873 876/2000/876 882/2003/882 880/2002/880
f 886/1995/886 878/1994/878 883/1997/883 888/1996/888
f 876/2000/876 886/1995/886 888/1996/888 882/2003/882
f 882/2003/882 888/1996/888 887/1990/887 877/1987/877
f 868/1999/868 884/1992/884 886/1995/886 876/2000/876
f 877/1987/877 887/1990/887 885/1991/885 871/1988/871
f 904/1982/904 900/1983/900 892/1984/892 895/1985/895
f 897/1986/897 902/1987/902 896/1988/896 891/1989/891
f 912/1990/912 904/1982/904 895/1985/895 910/1991/910
f 909/1992/909 894/1993/894 903/1994/903 911/1995/911
f 913/1996/913 908/1997/908 904/1982/904 912/1990/912
f 889/1998/889 893/1999/893 901/2000/901 898/2001/898
f 905/2002/905 907/2003/907 902/1987/902 897/1986/897
f 894/1993/894 890/2004/890 899/2005/899 903/1994/903
f 908/1997/908 906/2006/906 900/1983/900 904/1982/904
f 903/1994/903 899/2005/899 906/2006/906 908/1997/908
f 898/2001/898 901/2000/901 907/2003/907 905/2002/905
f 911/1995/911 903/1994/903 908/1997/908 913/1996/913
f 901/2000/901 911/1995/911 913/1996/913 907/2003/907
f 907/2003/907 913/1996/913 912/1990/912 902/1987/902
f 893/1999/893 909/1992/909 911/1995/911 901/2000/901
f 902/1987/902 912/1990/912 910/1991/910 896/1988/896
f 929/1982/929 925/1983/925 917/1984/917 920/1985/920
f 922/1986/922 927/1987/927 921/1988/921 916/1989/916
f 937/1990/937 929/1982/929 920/1985/920 935/1991/935
f 934/1992/934 919/1993/919 928/1994/928 936/1995/936
f 938/1996/938 933/1997/933 929/1982/929 937/1990/937
f 914/1998/914 918/1999/918 926/2000/926 923/2001/923
f 930/2002/930 932/2003/932 927/1987/927 922/1986/922
f 919/1993/919 915/2004/915 924/2005/924 928/1994/928
f 933/1997/933 931/2006/931 925/1983/925 929/1982/929
f 928/1994/928 924/2005/924 931/2006/931 933/1997/933
f 923/2001/923 926/2000/926 932/2003/932 930/2002/930
f 936/1995/936 928/1994/928 933/1997/933 938/1996/938
f 926/2000/926 936/1995/936 938/1996/938 932/2003/932
f 932/2003/932 938/1996/938 937/1990/937 927/1987/927
f 918/1999/918 934/1992/934 936/1995/936 926/2000/926
f 927/1987/927 937/1990/937 935/1991/935 921/1988/921
f 954/1982/954 950/1983/950 942/1984/942 945/1985/945
f 947/1986/947 952/1987/952 946/1988/946 941/1989/941
f 962/1990/962 954/1982/954 945/1985/945 960/1991/960
f 959/1992/959 944/1993/944 953/1994/953 961/1995/961
f 963/1996/963 958/1997/958 954/1982/954 962/1990/962
f 939/1998/939 943/1999/943 951/2000/951 948/2001/948
f 955/2002/955 957/2003/957 952/1987/952 947/1986/947
f 944/1993/944 940/2004/940 949/2005/949 953/1994/953
f 958/1997/958 956/2006/956 950/1983/950 954/1982/954
f 953/1994/953 949/2005/949 956/2006/956 958/1997/958
f 948/2001/948 951/2000/951 957/2003/957 955/2002/955
f 961/1995/961 953/1994/953 958/1997/958 963/1996/963
f 951/2000/951 961/1995/961 963/1996/963 957/2003/957
f 957/2003/957 963/1996/963 962/1990/962 952/1987/952
f 943/1999/943 959/1992/959 961/1995/961 951/2000/951
f 952/1987/952 962/1990/962 960/1991/960 946/1988/946
f 979/1982/979 975/1983/975 967/1984/967 970/1985/970
f 972/1986/972 977/1987/977 971/1988/971 966/1989/966
f 987/1990/987 979/1982/979 970/1985/970 985/1991/985
f 984/1992/984 969/1993/969 978/1994/978 986/1995/986
f 988/1996/988 983/1997/983 979/1982/979 987/1990/987
f 964/1998/964 968/1999/968 976/2000/976 973/2001/973
f 980/2002/980 982/2003/982 977/1987/977 972/1986/972
f 969/1993/969 965/2004/965 974/2005/974 978/1994/978
f 983/1997/983 981/2006/981 975/1983/975 979/1982/979
f 978/1994/978 974/2005/974 981/2006/981 983/1997/983
f 973/2001/973 976/2000/976 982/2003/982 980/2002/980
f 986/1995/986 978/1994/978 983/1997/983 988/1996/988
f 976/2000/976 986/1995/986 988/1996/988 982/2003/982
f 982/2003/982 988/1996/988 987/1990/987 977/1987/977
f 968/1999/968 984/1992/984 986/1995/986 976/2000/976
f 977/1987/977 987/1990/987 985/1991/985 971/1988/971
f 1004/1982/1004 1000/1983/1000 992/1984/992 995/1985/995
f 997/1986/997 1002/1987/1002 996/1988/996 991/1989/991
f 1012/1990/1012 1004/1982/1004 995/1985/995 1010/1991/1010
f 1009/1992/1009 994/1993/994 1003/1994/1003 1011/1995/1011
f 1013/1996/1013 1008/1997/1008 1004/1982/1004 1012/1990/1012
f 989/1998/989 993/1999/993 1001/2000/1001 998/2001/998
f 1005/2002/1005 1007/2003/1007 1002/1987/1002 997/1986/997
f 994/1993/994 990/2004/990 999/2005/999 1003/1994/1003
f 1008/1997/1008 1006/2006/1006 1000/1983/1000 1004/1982/1004
f 1003/1994/1003 999/2005/999 1006/2006/1006 1008/1997/1008
f 998/2001/998 1001/2000/1001 1007/2003/1007 1005/2002/1005
f 1011/1995/1011 1003/1994/1003 1008/1997/1008 1013/1996/1013
f 1001/2000/1001 1011/1995/1011 1013/1996/1013 1007/2003/1007
f 1007/2003/1007 1013/1996/1013 1012/1990/1012 1002/1987/1002
f 993/1999/993 1009/1992/1009 1011/1995/1011 1001/2000/1001
f 1002/1987/1002 1012/1990/1012 1010/1991/1010 996/1988/996
f 1029/1982/1029 1025/1983/1025 1017/1984/1017 1020/1985/1020
f 1022/1986/1022 1027/1987/1027 1021/1988/1021 1016/1989/1016
f 1037/1990/1037 1029/1982/1029 1020/1985/1020 1035/1991/1035
f 1034/1992/1034 1019/1993/1019 1028/1994/1028 1036/1995/1036
f 1038/1996/1038 1033/1997/1033 1029/1982/1029 1037/1990/1037
f 1014/1998/1014 1018/1999/1018 1026/2000/1026 1023/2001/1023
f 1030/2002/1030 1032/2003/1032 1027/1987/1027 1022/1986/1022
f 1019/1993/1019 1015/2004/1015 1024/2005/1024 1028/1994/1028
f 1033/1997/1033 1031/2006/1031 1025/1983/1025 1029/1982/1029
f 1028/1994/1028 1024/2005/1024 1031/2006/1031 1033/1997/1033
f 1023/2001/1023 1026/2000/1026 1032/2003/1032 1030/2002/1030
f 1036/1995/1036 1028/1994/1028 1033/1997/1033 1038/1996/1038
f 1026/2000/1026 1036/1995/1036 1038/1996/1038 1032/2003/1032
f 1032/2003/1032 1038/1996/1038 1037/1990/1037 1027/1987/1027
f 1018/1999/1018 1034/1992/1034 1036/1995/1036 1026/2000/1026
f 1027/1987/1027 1037/1990/1037 1035/1991/1035 1021/1988/1021
f 1054/1982/1054 1050/1983/1050 1042/1984/1042 1045/1985/1045
f 1047/1986/1047 1052/1987/1052 1046/1988/1046 1041/1989/1041
f 1062/1990/1062 1054/1982/1054 1045/1985/1045 1060/1991/1060
f 1059/1992/1059 1044/1993/1044 1053/1994/1053 1061/1995/1061
f 1063/1996/1063 1058/1997/1058 1054/1982/1054 1062/1990/1062
f 1039/1998/1039 1043/1999/1043 1051/2000/1051 1048/2001/1048
f 1055/2002/1055 1057/2003/1057 1052/1987/1052 1047/1986/1047
f 1044/1993/1044 1040/2004/1040 1049/2005/1049 1053/1994/1053
f 1058/1997/1058 1056/2006/1056 1050/1983/1050 1054/1982/1054
f 1053/1994/1053 1049/2005/1049 1056/2006/1056 1058/1997/1058
f 1048/2001/1048 1051/2000/1051 1057/2003/1057 1055/2002/1055
f 1061/1995/1061 1053/1994/1053 1058/1997/1058 1063/1996/1063
f 1051/2000/1051 1061/1995/1061 1063/1996/1063 1057/2003/1057
f 1057/2003/1057 1063/1996/1063 1062/1990/1062 1052/1987/1052
f 1043/1999/1043 1059/1992/1059 1061/1995/1061 1051/2000/1051
f 1052/1987/1052 1062/1990/1062 1060/1991/1060 1046/1988/1046
f 1079/1982/1079 1075/1983/1075 1067/1984/1067 1070/1985/1070
f 1072/1986/1072 1077/1987/1077 1071/1988/1071 1066/1989/1066
f 1087/1990/1087 1079/1982/1079 1070/1985/1070 1085/1991/1085
f 1084/1992/1084 1069/1993/1069 1078/1994/1078 1086/1995/1086
f 1088/1996/1088 1083/1997/1083 1079/1982/1079 1087/1990/1087
f 1064/1998/1064 1068/1999/1068 1076/2000/1076 1073/2001/1073
f 1080/2002/1080 1082/2003/1082 1077/1987/1077 1072/1986/1072
f 1069/1993/1069 1065/2004/1065 1074/2005/1074 1078/1994/1078
f 1083/1997/1083 1081/2006/1081 1075/1983/1075 1079/1982/1079
f 1078/1994/1078 1074/2005/1074 1081/2006/1081 1083/1997/1083
f 1073/2001/1073 1076/2000/1076 1082/2003/1082 1080/2002/1080
f 1086/1995/1086 1078/1994/1078 1083/1997/1083 1088/1996/1088
f 1076/2000/1076 1086/1995/1086 1088/1996/1088 1082/2003/1082
f 1082/2003/1082 1088/1996/1088 1087/1990/1087 1077/1987/1077
f 1068/1999/1068 1084/1992/1084 1086/1995/1086 1076/2000/1076
f 1077/1987/1077 1087/1990/1087 1085/1991/1085 1071/1988/1071
f 1104/1982/1104 1100/1983/1100 1092/1984/1092 1095/1985/1095
f 1097/1986/1097 1102/1987/1102 1096/1988/1096 1091/1989/1091
f 1112/1990/1112 1104/1982/1104 1095/1985/1095 1110/1991/1110
f 1109/1992/1109 1094/1993/1094 1103/1994/1103 1111/1995/1111
f 1113/1996/1113 1108/1997/1108 1104/1982/1104 1112/1990/1112
f 1089/1998/1089 1093/1999/1093 1101/2000/1101 1098/2001/1098
f 1105/2002/1105 1107/2003/1107 1102/1987/1102 1097/1986/1097
f 1094/1993/1094 1090/2004/1090 1099/2005/1099 1103/1994/1103
f 1108/1997/1108 1106/2006/1106 1100/1983/1100 1104/1982/1104
f 1103/1994/1103 1099/2005/1099 1106/2006/1106 1108/1997/1108
f 1098/2001/1098 1101/2000/1101 1107/2003/1107 1105/2002/1105
f 1111/1995/1111 1103/1994/1103 1108/1997/1108 1113/1996/1113
f 1101/2000/1101 1111/1995/1111 1113/1996/1113 1107/2003/1107
f 1107/2003/1107 1113/1996/1113 1112/1990/1112 1102/1987/1102
f 1093/1999/1093 1109/1992/1109 1111/1995/1111 1101/2000/1101
f 1102/1987/1102 1112/1990/1112 1110/1991/1110 1096/1988/1096
f 1129/1982/1129 1125/1983/1125 1117/1984/1117 1120/1985/1120
f 1122/1986/1122 1127/1987/1127 1121/1988/1121 1116/1989/1116
f 1137/1990/1137 1129/1982/1129 1120/1985/1120 1135/1991/1135
f 1134/1992/1134 1119/1993/1119 1128/1994/1128 1136/1995/1136
f 1138/1996/1138 1133/1997/1133 1129/1982/1129 1137/1990/1137
f 1114/1998/1114 1118/1999/1118 1126/2000/1126 1123/2001/1123
f 1130/2002/1130 1132/2003/1132 1127/1987/1127 1122/1986/1122
f 1119/1993/1119 1115/2004/1115 1124/2005/1124 1128/1994/1128
f 1133/1997/1133 1131/2006/1131 1125/1983/1125 1129/1982/1129
f 1128/1994/1128 1124/2005/1124 1131/2006/1131 1133/1997/1133
f 1123/2001/1123 1126/2000/1126 1132/2003/1132 1130/2002/1130
f 1136/1995/1136 1128/1994/1128 1133/1997/1133 1138/1996/1138
f 1126/2000/1126 1136/1995/1136 1138/1996/1138 1132/2003/1132
f 1132/2003/1132 1138/1996/1138 1137/1990/1137 1127/1987/1127
f 1118/1999/1118 1134/1992/1134 1136/1995/1136 1126/2000/1126
f 1127/1987/1127 1137/1990/1137 1135/1991/1135 1121/1988/1121
f 1154/1982/1129 1150/1983/1125 1142/1984/1117 1145/1985/1120
f 1147/1986/1122 1152/1987/1127 1146/1988/1121 1141/1989/1116
f 1162/1990/1137 1154/1982/1129 1145/1985/1120 1160/1991/1135
f 1159/1992/1134 1144/1993/1119 1153/1994/1128 1161/1995/1136
f 1163/1996/1138 1158/1997/1133 1154/1982/1129 1162/1990/1137
f 1139/1998/1114 1143/1999/1118 1151/2000/1126 1148/2001/1123
f 1155/2002/1130 1157/2003/1132 1152/1987/1127 1147/1986/1122
f 1144/1993/1119 1140/2004/1115 1149/2005/1124 1153/1994/1128
f 1158/1997/1133 1156/2006/1131 1150/1983/1125 1154/1982/1129
f 1153/1994/1128 1149/2005/1124 1156/2006/1131 1158/1997/1133
f 1148/2001/1123 1151/2000/1126 1157/2003/1132 1155/2002/1130
f 1161/1995/1136 1153/1994/1128 1158/1997/1133 1163/1996/1138
f 1151/2000/1126 1161/1995/1136 1163/1996/1138 1157/2003/1132
f 1157/2003/1132 1163/1996/1138 1162/1990/1137 1152/1987/1127
f 1143/1999/1118 1159/1992/1134 1161/1995/1136 1151/2000/1126
f 1152/1987/1127 1162/1990/1137 1160/1991/1135 1146/1988/1121
f 1179/1982/1154 1175/1983/1150 1167/1984/1142 1170/1985/1145
f 1172/1986/1147 1177/1987/1152 1171/1988/1146 1166/1989/1141
f 1187/1990/1162 1179/1982/1154 1170/1985/1145 1185/1991/1160
f 1184/1992/1159 1169/1993/1144 1178/1994/1153 1186/1995/1161
f 1188/1996/1163 1183/1997/1158 1179/1982/1154 1187/1990/1162
f 1164/1998/1139 1168/1999/1143 1176/2000/1151 1173/2001/1148
f 1180/2002/1155 1182/2003/1157 1177/1987/1152 1172/1986/1147
f 1169/1993/1144 1165/2004/1140 1174/2005/1149 1178/1994/1153
f 1183/1997/1158 1181/2006/1156 1175/1983/1150 1179/1982/1154
f 1178/1994/1153 1174/2005/1149 1181/2006/1156 1183/1997/1158
f 1173/2001/1148 1176/2000/1151 1182/2003/1157 1180/2002/1155
f 1186/1995/1161 1178/1994/1153 1183/1997/1158 1188/1996/1163
f 1176/2000/1151 1186/1995/1161 1188/1996/1163 1182/2003/1157
f 1182/2003/1157 1188/1996/1163 1187/1990/1162 1177/1987/1152
f 1168/1999/1143 1184/1992/1159 1186/1995/1161 1176/2000/1151
f 1177/1987/1152 1187/1990/1162 1185/1991/1160 1171/1988/1146
f 1204/1982/1179 1200/1983/1175 1192/1984/1167 1195/1985/1170
f 1197/1986/1172 1202/1987/1177 1196/1988/1171 1191/1989/1166
f 1212/1990/1187 1204/1982/1179 1195/1985/1170 1210/1991/1185
f 1209/1992/1184 1194/1993/1169 1203/1994/1178 1211/1995/1186
f 1213/1996/1188 1208/1997/1183 1204/1982/1179 1212/1990/1187
f 1189/1998/1164 1193/1999/1168 1201/2000/1176 1198/2001/1173
f 1205/2002/1180 1207/2003/1182 1202/1987/1177 1197/1986/1172
f 1194/1993/1169 1190/2004/1165 1199/2005/1174 1203/1994/1178
f 1208/1997/1183 1206/2006/1181 1200/1983/1175 1204/1982/1179
f 1203/1994/1178 1199/2005/1174 1206/2006/1181 1208/1997/1183
f 1198/2001/1173 1201/2000/1176 1207/2003/1182 1205/2002/1180
f 1211/1995/1186 1203/1994/1178 1208/1997/1183 1213/1996/1188
f 1201/2000/1176 1211/1995/1186 1213/1996/1188 1207/2003/1182
f 1207/2003/1182 1213/1996/1188 1212/1990/1187 1202/1987/1177
f 1193/1999/1168 1209/1992/1184 1211/1995/1186 1201/2000/1176
f 1202/1987/1177 1212/1990/1187 1210/1991/1185 1196/1988/1171
f 1229/1982/1179 1225/1983/1175 1217/1984/1167 1220/1985/1170
f 1222/1986/1172 1227/1987/1177 1221/1988/1171 1216/1989/1166
f 1237/1990/1187 1229/1982/1179 1220/1985/1170 1235/1991/1185
f 1234/1992/1184 1219/1993/1169 1228/1994/1178 1236/1995/1186
f 1238/1996/1188 1233/1997/1183 1229/1982/1179 1237/1990/1187
f 1214/1998/1164 1218/1999/1168 1226/2000/1176 1223/2001/1173
f 1230/2002/1180 1232/2003/1182 1227/1987/1177 1222/1986/1172
f 1219/1993/1169 1215/2004/1165 1224/2005/1174 1228/1994/1178
f 1233/1997/1183 1231/2006/1181 1225/1983/1175 1229/1982/1179
f 1228/1994/1178 1224/2005/1174 1231/2006/1181 1233/1997/1183
f 1223/2001/1173 1226/2000/1176 1232/2003/1182 1230/2002/1180
f 1236/1995/1186 1228/1994/1178 1233/1997/1183 1238/1996/1188
f 1226/2000/1176 1236/1995/1186 1238/1996/1188 1232/2003/1182
f 1232/2003/1182 1238/1996/1188 1237/1990/1187 1227/1987/1177
f 1218/1999/1168 1234/1992/1184 1236/1995/1186 1226/2000/1176
f 1227/1987/1177 1237/1990/1187 1235/1991/1185 1221/1988/1171
f 1254/2007/1204 1250/2008/1200 1242/2009/1192 1245/2010/1195
f 1247/2011/1197 1252/2012/1202 1246/2013/1196 1241/2014/1191
f 1262/2015/1212 1254/2007/1204 1245/2010/1195 1260/2016/1210
f 1259/2017/1209 1244/2018/1194 1253/2019/1203 1261/2020/1211
f 1263/2021/1213 1258/2022/1208 1254/2007/1204 1262/2015/1212
f 1239/2023/1189 1243/2024/1193 1251/2025/1201 1248/2026/1198
f 1255/2027/1205 1257/2028/1207 1252/2012/1202 1247/2011/1197
f 1244/2018/1194 1240/2029/1190 1249/2030/1199 1253/2019/1203
f 1258/2022/1208 1256/2031/1206 1250/2008/1200 1254/2007/1204
f 1253/2019/1203 1249/2030/1199 1256/2031/1206 1258/2022/1208
f 1248/2026/1198 1251/2025/1201 1257/2028/1207 1255/2027/1205
f 1261/2020/1211 1253/2019/1203 1258/2022/1208 1263/2021/1213
f 1251/2025/1201 1261/2020/1211 1263/2021/1213 1257/2028/1207
f 1257/2028/1207 1263/2021/1213 1262/2015/1212 1252/2012/1202
f 1243/2024/1193 1259/2017/1209 1261/2020/1211 1251/2025/1201
f 1252/2012/1202 1262/2015/1212 1260/2016/1210 1246/2013/1196
